campaign_record_id,campaign_id,campaign_name,campaign_type,channel,source,medium,country_code,region_name,start_date,end_date,budget_local,spend_local,local_currency,impressions,clicks,conversions,created_at,created_by
,CAMP-2020-02-000000,Summer Gas Campaign,Retention,Display,Partner,cpc,MEX,North America,2020-02-10,2020-03-05,107706.8,82393.84,MXN,55387,3841,255,2020-02-10 01:55:47,michael.berger060@platform.example.com
,CAMP-2020-02-000001,Member Office Campaign,Launch,Email,TikTok,cpc,ITA,Europe,2020-02-25,2020-03-21,137181.31,125096.18,EUR,50134,3694,145,2020-02-25 20:06:21,susan.rice083@commerce.example.com
,CAMP-2020-02-000002,Winter Participant Campaign,Retention,Affiliate,Meta,referral,SGP,Asia,2020-02-16,2020-03-13,409488.14,382872.89,SGD,190634,7454,252,2020-02-16 09:11:34,kelsey.taylor010@platform.example.com
,CAMP-2020-02-000003,Growth General Campaign,Seasonal,TikTok,Meta,direct,USA,North America,2020-02-11,2020-02-17,58797.97,53640.81,USD,49824,522,30,2020-02-11 04:21:18,james.proctor094@dataops.example.com
,CAMP-2020-02-000004,Growth Customer Campaign,Performance,Google Ads,Google,social,SGP,Asia,2020-02-11,2020-03-16,132086.62,108178.13,SGD,51697,685,79,2020-02-11 04:36:18,stephen.daniels076@commerce.example.com
,CAMP-2020-02-000005,Summer Computer Campaign,Retention,Google Ads,Google,email,BRA,South America,2020-02-01,2020-02-20,248405.4,84823.26,BRL,645444,8684,561,2020-02-01 14:30:28,michael.berger060@platform.example.com
,CAMP-2020-02-000006,Back-to-School Particularly Campaign,Retention,Organic,CRM,referral,DEU,Europe,2020-02-21,2020-03-02,254050.56,107028.92,EUR,40156,2935,220,2020-02-21 05:54:37,eric.horton058@analytics.example.com
,CAMP-2020-02-000007,Summer No Campaign,Performance,Display,Partner,email,AUS,Oceania,2020-02-20,2020-02-23,121492.82,114178.71,AUD,853638,62680,8867,2020-02-20 00:46:01,michelle.bender024@analytics.example.com
,CAMP-2020-02-000008,Member Heavy Campaign,Flash Sale,Affiliate,Meta,social,MEX,North America,2020-02-14,2020-02-27,124969.45,58682.54,MXN,25247,557,69,2020-02-14 22:18:47,tina.williams074@commerce.example.com
,CAMP-2020-02-000009,Summer Late Campaign,Retention,Google Ads,Meta,organic,MEX,North America,2020-02-25,2020-03-24,139024.35,90278.59,MXN,99646,4302,61,2020-02-25 17:05:03,lance.williams029@platform.example.com
,CAMP-2020-02-000010,Member However Campaign,Brand,Organic,CRM,affiliate,CAN,North America,2020-02-06,2020-02-25,436099.1,415972.06,CAD,9842,424,57,2020-02-06 16:05:12,stephen.daniels076@commerce.example.com
,CAMP-2020-02-000011,Winter Blue Campaign,Seasonal,Display,Meta,email,BRA,South America,2020-02-24,2020-02-28,446683.31,245776.72,BRL,103259,1947,336,2020-02-24 14:07:53,susan.rice083@commerce.example.com
,CAMP-2020-02-000012,Member Who Campaign,Flash Sale,Email,Partner,email,FRA,Europe,2020-02-06,2020-02-12,134369.73,64764.3,EUR,155896,6431,730,2020-02-06 09:40:11,michelle.bender024@analytics.example.com
,CAMP-2020-02-000013,Growth Phone Campaign,Retention,Google Ads,CRM,affiliate,SGP,Asia,2020-02-29,2020-03-08,87791.44,73027.01,SGD,23940,461,18,2020-02-29 14:48:58,james.proctor094@dataops.example.com
,CAMP-2020-02-000014,Summer Compare Campaign,Retention,TikTok,Partner,cpc,CAN,North America,2020-02-25,2020-03-18,337774.37,249433.26,CAD,20533,325,29,2020-02-25 15:53:32,eric.horton058@analytics.example.com
,CAMP-2020-02-000015,Member Result Campaign,Performance,Google Ads,TikTok,affiliate,GBR,Europe,2020-02-29,2020-03-22,476579.47,374123.26,GBP,231644,14514,518,2020-02-29 17:56:03,michael.johnson061@platform.example.com
,CAMP-2020-02-000016,Summer Business Campaign,Performance,Display,TikTok,email,FRA,Europe,2020-02-12,2020-03-10,221595.9,146070.95,EUR,289528,5198,519,2020-02-12 03:10:18,taylor.cunningham023@commerce.example.com
,CAMP-2020-02-000017,Holiday Second Campaign,Flash Sale,Affiliate,Partner,referral,GBR,Europe,2020-02-18,2020-03-11,192991.19,103518.22,GBP,16790,374,25,2020-02-18 08:29:52,micheal.chen050@dataops.example.com
,CAMP-2020-02-000018,Summer Hospital Campaign,Seasonal,Email,Partner,direct,FRA,Europe,2020-02-25,2020-03-30,243355.07,230221.2,EUR,38521,659,74,2020-02-25 14:34:02,john.mullins109@commerce.example.com
,CAMP-2020-02-000019,Member Miss Campaign,Launch,Display,Partner,social,AUS,Oceania,2020-02-22,2020-03-17,421568.06,346321.22,AUD,51549,678,41,2020-02-22 06:35:52,michelle.sims041@analytics.example.com
,CAMP-2020-02-000020,Member Financial Campaign,Launch,TikTok,Google,affiliate,BRA,South America,2020-02-24,2020-03-07,399263.17,240751.8,BRL,148078,6328,297,2020-02-24 19:19:12,patrick.gonzalez035@dataops.example.com
,CAMP-2020-02-000021,Member At Campaign,Flash Sale,Organic,Partner,organic,FRA,Europe,2020-02-24,2020-03-25,474937.18,211979.71,EUR,193382,13998,232,2020-02-24 12:13:39,megan.cunningham013@commerce.example.com
,CAMP-2020-02-000022,Winter Box Campaign,Retention,Google Ads,Partner,referral,NLD,Europe,2020-02-24,2020-03-20,298847.73,198232.06,EUR,90648,3736,455,2020-02-24 14:05:23,james.proctor094@dataops.example.com
,CAMP-2020-02-000023,Winter Manager Campaign,Brand,Meta,Google,cpc,ITA,Europe,2020-02-16,2020-03-22,56933.98,45591.51,EUR,35995,1326,86,2020-02-16 13:22:21,maria.ashley046@analytics.example.com
,CAMP-2020-02-000024,Member Expert Campaign,Seasonal,TikTok,CRM,email,IND,Asia,2020-02-23,2020-03-12,393356.08,328006.29,INR,35338,1477,229,2020-02-23 00:46:49,micheal.chen050@dataops.example.com
,CAMP-2020-02-000025,Summer Evidence Campaign,Seasonal,Google Ads,Meta,referral,FRA,Europe,2020-02-11,2020-02-14,233618.46,199607.57,EUR,411012,32007,5627,2020-02-11 11:30:42,michelle.bender024@analytics.example.com
,CAMP-2020-02-000026,Growth Day Campaign,Launch,Email,CRM,organic,GBR,Europe,2020-02-28,2020-03-15,236956.77,171325.5,GBP,431045,30273,356,2020-02-28 23:58:49,jennifer.hudson020@analytics.example.com
,CAMP-2020-02-000027,Holiday Amount Campaign,Brand,Organic,CRM,affiliate,IND,Asia,2020-02-03,2020-02-21,344533.2,198551.94,INR,48140,2014,40,2020-02-03 16:42:45,tina.williams074@commerce.example.com
,CAMP-2020-02-000028,Winter Board Campaign,Seasonal,Meta,CRM,social,IND,Asia,2020-02-29,2020-03-05,238685.77,80921.98,INR,70696,1460,124,2020-02-29 22:35:54,ryan.steele043@commerce.example.com
,CAMP-2020-02-000029,Growth Service Campaign,Seasonal,Affiliate,Partner,cpc,BRA,South America,2020-02-26,2020-03-14,410981.7,202972.01,BRL,77592,962,153,2020-02-26 08:48:57,ryan.steele043@commerce.example.com
,CAMP-2020-02-000030,Back-to-School Soldier Campaign,Performance,Display,Meta,email,BRA,South America,2020-02-22,2020-03-08,145059.8,96793.28,BRL,220028,12617,780,2020-02-22 14:07:04,michelle.bender024@analytics.example.com
,CAMP-2020-02-000031,Growth But Campaign,Retention,Organic,Partner,affiliate,AUS,Oceania,2020-02-13,2020-03-14,292931.0,163221.92,AUD,172919,9468,460,2020-02-13 12:48:08,micheal.chen050@dataops.example.com
,CAMP-2020-02-000032,Back-to-School White Campaign,Brand,Display,TikTok,social,GBR,Europe,2020-02-11,2020-02-28,124078.26,118145.72,GBP,154519,10873,804,2020-02-11 19:01:30,david.cabrera119@dataops.example.com
,CAMP-2020-02-000033,Member Final Campaign,Brand,TikTok,Google,direct,BRA,South America,2020-02-12,2020-03-08,303655.65,184641.3,BRL,152219,8651,514,2020-02-12 15:42:36,michael.johnson061@platform.example.com
,CAMP-2020-02-000034,Holiday Stock Campaign,Seasonal,Display,Meta,organic,GBR,Europe,2020-02-04,2020-03-05,413445.7,196482.39,GBP,261917,6456,90,2020-02-04 15:27:59,taylor.cunningham023@commerce.example.com
,CAMP-2020-02-000035,Winter Stay Campaign,Retention,Email,Google,direct,SGP,Asia,2020-02-27,2020-03-16,479674.55,437847.75,SGD,74525,1606,191,2020-02-27 23:38:23,peter.martinez098@platform.example.com
,CAMP-2020-02-000036,Member Store Campaign,Launch,Email,Google,email,IND,Asia,2020-02-29,2020-03-28,64346.96,43197.42,INR,19303,527,66,2020-02-29 16:16:45,ryan.steele043@commerce.example.com
,CAMP-2020-02-000037,Winter Beyond Campaign,Flash Sale,Display,CRM,cpc,CAN,North America,2020-02-07,2020-03-11,125729.62,51780.5,CAD,27578,1051,89,2020-02-07 16:37:04,susan.rice083@commerce.example.com
,CAMP-2020-02-000038,Summer Once Campaign,Seasonal,Affiliate,Google,social,JPN,Asia,2020-02-04,2020-02-26,47961.52,42194.58,JPY,124000,3983,187,2020-02-04 02:48:27,stephen.daniels076@commerce.example.com
,CAMP-2020-02-000039,Growth Recently Campaign,Seasonal,Organic,Partner,cpc,DEU,Europe,2020-02-14,2020-03-06,78278.16,48738.06,EUR,92137,4792,417,2020-02-14 22:08:14,jennifer.hudson020@analytics.example.com
,CAMP-2020-02-000040,Winter Human Campaign,Performance,Display,TikTok,affiliate,BRA,South America,2020-02-22,2020-02-28,347797.5,280822.4,BRL,39293,496,51,2020-02-22 04:33:13,michael.johnson061@platform.example.com
,CAMP-2020-02-000041,Holiday Hold Campaign,Performance,Display,Partner,affiliate,NLD,Europe,2020-02-21,2020-03-12,387675.44,140181.75,EUR,8475,192,20,2020-02-21 19:12:28,susan.rice083@commerce.example.com
,CAMP-2020-02-000042,Growth Movement Campaign,Seasonal,Meta,Partner,organic,USA,North America,2020-02-20,2020-03-13,436289.17,393136.68,USD,268105,8518,319,2020-02-20 12:06:37,michael.johnson061@platform.example.com
,CAMP-2020-02-000043,Member Between Campaign,Launch,Organic,TikTok,affiliate,MEX,North America,2020-02-19,2020-03-12,59026.44,21437.53,MXN,150812,11932,1813,2020-02-19 02:09:02,jeffery.miller012@commerce.example.com
,CAMP-2020-02-000044,Growth Process Campaign,Retention,TikTok,TikTok,email,FRA,Europe,2020-02-24,2020-03-08,274237.87,117487.52,EUR,696470,19387,1969,2020-02-24 16:23:22,joseph.johnson049@dataops.example.com
,CAMP-2020-02-000045,Member Home Campaign,Launch,Affiliate,Meta,direct,USA,North America,2020-02-05,2020-02-23,402712.65,402025.81,USD,53014,744,102,2020-02-05 19:23:02,susan.rice083@commerce.example.com
,CAMP-2020-02-000046,Summer Position Campaign,Performance,Google Ads,TikTok,referral,ESP,Europe,2020-02-14,2020-03-18,419640.47,138729.64,EUR,102858,3409,331,2020-02-14 12:22:04,eric.horton058@analytics.example.com
,CAMP-2020-02-000047,Growth Seek Campaign,Seasonal,Display,Google,cpc,MEX,North America,2020-02-19,2020-03-15,234184.08,92451.94,MXN,44937,2378,250,2020-02-19 00:52:00,jeffery.miller012@commerce.example.com
,CAMP-2020-02-000048,Back-to-School She Campaign,Launch,Meta,CRM,referral,IND,Asia,2020-02-16,2020-03-08,498516.14,243817.25,INR,52846,2101,77,2020-02-16 10:43:46,stephen.daniels076@commerce.example.com
,CAMP-2020-02-000049,Winter Summer Campaign,Launch,Organic,Meta,cpc,ARE,Asia,2020-02-01,2020-02-17,425451.96,231248.12,AED,76124,1759,235,2020-02-01 04:55:05,brandi.carter038@dataops.example.com
,CAMP-2020-02-000050,Winter Player Campaign,Brand,Meta,Meta,social,JPN,Asia,2020-02-24,2020-03-19,379199.6,223322.28,JPY,97729,3483,416,2020-02-24 16:41:29,adam.gordon030@commerce.example.com
,CAMP-2020-02-000051,Winter Really Campaign,Flash Sale,Email,TikTok,social,MEX,North America,2020-02-17,2020-03-07,431712.52,245706.96,MXN,92839,6565,899,2020-02-17 18:41:15,michelle.sims041@analytics.example.com
,CAMP-2020-02-000052,Growth Our Campaign,Seasonal,TikTok,Google,social,GBR,Europe,2020-02-03,2020-03-05,20897.92,16038.55,GBP,304365,18172,3015,2020-02-03 01:15:25,kelsey.taylor010@platform.example.com
,CAMP-2020-02-000053,Holiday Couple Campaign,Retention,Affiliate,TikTok,cpc,IND,Asia,2020-02-14,2020-02-29,240161.99,74444.0,INR,112954,6949,424,2020-02-14 15:30:13,kelsey.taylor010@platform.example.com
,CAMP-2020-02-000054,Member Their Campaign,Performance,Affiliate,TikTok,email,ARE,Asia,2020-02-02,2020-02-08,252094.77,155406.7,AED,120237,2703,343,2020-02-02 19:27:39,jeffery.miller012@commerce.example.com
,CAMP-2020-02-000055,Summer Available Campaign,Performance,Affiliate,Google,social,SGP,Asia,2020-02-10,2020-02-20,402161.09,316753.16,SGD,29521,2044,54,2020-02-10 02:28:13,tina.williams074@commerce.example.com
,CAMP-2020-02-000056,Winter Still Campaign,Launch,TikTok,Partner,referral,ESP,Europe,2020-02-14,2020-03-03,497792.3,266734.3,EUR,56693,3129,515,2020-02-14 17:58:21,joseph.johnson049@dataops.example.com
,CAMP-2020-02-000057,Growth Reality Campaign,Performance,Email,Google,referral,ESP,Europe,2020-02-04,2020-03-06,294867.35,267070.59,EUR,24894,860,86,2020-02-04 01:40:33,jeffery.miller012@commerce.example.com
,CAMP-2020-02-000058,Growth Challenge Campaign,Retention,Organic,Google,email,GBR,Europe,2020-02-14,2020-03-08,76794.67,51377.76,GBP,474672,5642,62,2020-02-14 06:09:35,maria.ashley046@analytics.example.com
,CAMP-2020-02-000059,Growth Whole Campaign,Performance,Google Ads,TikTok,organic,FRA,Europe,2020-02-14,2020-02-24,449637.33,387115.38,EUR,85964,6431,465,2020-02-14 12:31:43,megan.cunningham013@commerce.example.com
,CAMP-2020-02-000060,Member Organization Campaign,Flash Sale,Organic,Partner,referral,IND,Asia,2020-02-28,2020-03-22,249361.39,76227.55,INR,95929,7052,1092,2020-02-28 07:05:59,jennifer.hudson020@analytics.example.com
,CAMP-2020-02-000061,Back-to-School Relate Campaign,Launch,Affiliate,CRM,social,ESP,Europe,2020-02-18,2020-03-13,200495.7,185534.26,EUR,307372,7204,764,2020-02-18 19:13:44,andrea.cummings039@platform.example.com
,CAMP-2020-02-000062,Growth Manage Campaign,Seasonal,Meta,CRM,affiliate,SGP,Asia,2020-02-25,2020-03-27,388953.42,135590.73,SGD,47048,2322,102,2020-02-25 17:33:31,andrea.cummings039@platform.example.com
,CAMP-2020-02-000063,Member Law Campaign,Performance,Meta,TikTok,organic,NLD,Europe,2020-02-21,2020-03-03,185418.75,146623.69,EUR,207882,16300,1111,2020-02-21 11:00:01,stephen.clark001@analytics.example.com
,CAMP-2020-02-000064,Back-to-School Congress Campaign,Seasonal,TikTok,CRM,social,AUS,Oceania,2020-02-21,2020-03-06,321340.43,148270.89,AUD,117143,2427,127,2020-02-21 05:42:21,michael.johnson061@platform.example.com
,CAMP-2020-02-000065,Summer Dog Campaign,Seasonal,Google Ads,Meta,email,JPN,Asia,2020-02-12,2020-03-01,275651.68,224046.37,JPY,51042,1669,17,2020-02-12 20:55:40,jennifer.bauer068@analytics.example.com
,CAMP-2020-02-000066,Growth Challenge Campaign,Performance,Display,Meta,organic,USA,North America,2020-02-03,2020-02-17,282697.61,198838.05,USD,13478,168,16,2020-02-03 12:40:03,david.cabrera119@dataops.example.com
,CAMP-2020-02-000067,Growth Know Campaign,Performance,Affiliate,TikTok,cpc,AUS,Oceania,2020-02-08,2020-02-25,381003.98,230876.87,AUD,62787,2798,86,2020-02-08 21:14:55,stephen.clark001@analytics.example.com
,CAMP-2020-02-000068,Holiday Against Campaign,Performance,TikTok,Meta,social,NLD,Europe,2020-02-02,2020-02-13,418769.8,179214.94,EUR,70493,4475,108,2020-02-02 11:25:04,michael.berger060@platform.example.com
,CAMP-2020-02-000069,Summer Hold Campaign,Performance,Organic,Meta,email,GBR,Europe,2020-02-08,2020-02-22,71996.16,45440.1,GBP,109864,7350,591,2020-02-08 21:30:36,james.proctor094@dataops.example.com
,CAMP-2020-02-000070,Growth Space Campaign,Seasonal,Google Ads,Google,cpc,JPN,Asia,2020-02-18,2020-03-10,399670.64,172696.14,JPY,377499,24153,3910,2020-02-18 11:24:44,jennifer.hudson020@analytics.example.com
,CAMP-2020-02-000071,Member Research Campaign,Launch,Google Ads,TikTok,referral,SGP,Asia,2020-02-22,2020-03-18,234504.63,201510.63,SGD,121183,4782,838,2020-02-22 16:56:19,david.cabrera119@dataops.example.com
,CAMP-2020-02-000072,Growth Hotel Campaign,Flash Sale,Email,CRM,direct,DEU,Europe,2020-02-12,2020-03-02,104728.3,52694.83,EUR,40040,2690,214,2020-02-12 22:43:13,taylor.cunningham023@commerce.example.com
,CAMP-2020-02-000073,Back-to-School Write Campaign,Flash Sale,Google Ads,Meta,email,FRA,Europe,2020-02-28,2020-03-29,36511.4,36616.57,EUR,401554,11029,1007,2020-02-28 12:50:02,peter.martinez098@platform.example.com
,CAMP-2020-02-000074,Growth Everyone Campaign,Retention,TikTok,Partner,affiliate,ESP,Europe,2020-02-19,2020-03-14,33675.77,13289.82,EUR,65773,1583,185,2020-02-19 23:02:48,peter.martinez098@platform.example.com
,CAMP-2020-02-000075,Holiday Role Campaign,Flash Sale,TikTok,Partner,social,USA,North America,2020-02-17,2020-03-14,429224.84,386406.83,USD,97040,5506,725,2020-02-17 06:32:01,stephen.daniels076@commerce.example.com
,CAMP-2020-02-000076,Back-to-School Staff Campaign,Launch,Google Ads,Google,affiliate,GBR,Europe,2020-02-12,2020-03-16,95732.74,29314.91,GBP,74339,2729,133,2020-02-12 09:53:51,michelle.bender024@analytics.example.com
,CAMP-2020-02-000077,Winter Road Campaign,Performance,TikTok,CRM,affiliate,CAN,North America,2020-02-05,2020-02-12,84416.28,58519.56,CAD,40852,850,14,2020-02-05 06:08:19,ryan.steele043@commerce.example.com
,CAMP-2020-02-000078,Growth Care Campaign,Seasonal,Meta,Meta,referral,ESP,Europe,2020-02-25,2020-03-24,135351.71,71903.91,EUR,98074,2472,413,2020-02-25 14:41:58,david.cabrera119@dataops.example.com
,CAMP-2020-02-000079,Member Stock Campaign,Brand,Email,Meta,organic,BRA,South America,2020-02-21,2020-03-13,121456.64,41490.38,BRL,99088,3010,460,2020-02-21 09:36:41,susan.rice083@commerce.example.com
,CAMP-2020-02-000080,Summer Simple Campaign,Brand,TikTok,Partner,referral,MEX,North America,2020-02-07,2020-02-11,317523.66,173956.59,MXN,99951,6262,495,2020-02-07 20:49:17,ryan.steele043@commerce.example.com
,CAMP-2020-02-000081,Back-to-School Tend Campaign,Retention,Affiliate,Partner,social,AUS,Oceania,2020-02-23,2020-03-16,494926.94,253826.24,AUD,58849,3501,596,2020-02-23 17:33:05,victor.palmer071@platform.example.com
,CAMP-2020-02-000082,Summer Let Campaign,Launch,Organic,CRM,organic,FRA,Europe,2020-02-22,2020-03-13,48986.69,41757.7,EUR,199107,15820,1334,2020-02-22 15:10:58,lance.williams029@platform.example.com
,CAMP-2020-02-000083,Winter Office Campaign,Brand,Affiliate,Google,social,JPN,Asia,2020-02-23,2020-03-21,77379.02,45532.7,JPY,148693,2784,294,2020-02-23 21:02:07,joseph.johnson049@dataops.example.com
,CAMP-2020-02-000084,Summer Show Campaign,Seasonal,TikTok,Partner,direct,ARE,Asia,2020-02-05,2020-03-01,310328.89,309564.45,AED,97137,6971,114,2020-02-05 11:36:03,michael.berger060@platform.example.com
,CAMP-2020-02-000085,Summer Most Campaign,Flash Sale,TikTok,Partner,direct,BRA,South America,2020-02-15,2020-02-22,259045.65,170110.49,BRL,450482,9722,419,2020-02-15 09:35:20,jeffery.miller012@commerce.example.com
,CAMP-2020-02-000086,Holiday Address Campaign,Performance,Google Ads,CRM,organic,NLD,Europe,2020-02-04,2020-02-23,16068.57,12530.18,EUR,334132,17730,1976,2020-02-04 07:39:23,john.mullins109@commerce.example.com
,CAMP-2020-02-000087,Summer Theory Campaign,Brand,Affiliate,TikTok,cpc,NLD,Europe,2020-02-13,2020-02-18,221401.05,90711.52,EUR,292196,4389,202,2020-02-13 02:23:57,ashley.marks069@commerce.example.com
,CAMP-2020-02-000088,Growth Society Campaign,Performance,Affiliate,TikTok,referral,FRA,Europe,2020-02-06,2020-03-02,453064.94,462036.43,EUR,154114,11757,910,2020-02-06 16:50:29,joseph.johnson049@dataops.example.com
,CAMP-2020-02-000089,Winter Ability Campaign,Launch,TikTok,Partner,cpc,FRA,Europe,2020-02-28,2020-04-01,60751.89,60691.34,EUR,103621,2015,153,2020-02-28 08:16:03,andrea.cummings039@platform.example.com
,CAMP-2020-02-000090,Holiday Window Campaign,Retention,Display,Google,social,IND,Asia,2020-02-04,2020-03-09,420666.17,194637.83,INR,252634,12988,680,2020-02-04 04:04:32,lance.williams029@platform.example.com
,CAMP-2020-02-000091,Winter Stand Campaign,Seasonal,Email,Partner,affiliate,CAN,North America,2020-02-17,2020-02-23,469212.95,230787.1,CAD,268782,4762,287,2020-02-17 11:09:14,andrea.cummings039@platform.example.com
,CAMP-2020-02-000092,Back-to-School Number Campaign,Performance,Google Ads,TikTok,organic,CAN,North America,2020-02-11,2020-02-17,68103.72,58993.69,CAD,98177,6588,170,2020-02-11 23:35:28,jennifer.bauer068@analytics.example.com
,CAMP-2020-02-000093,Holiday How Campaign,Performance,Affiliate,TikTok,cpc,MEX,North America,2020-02-13,2020-03-06,351435.95,352229.06,MXN,32828,1579,150,2020-02-13 08:45:50,micheal.hall064@dataops.example.com
,CAMP-2020-02-000094,Holiday Region Campaign,Seasonal,TikTok,Partner,affiliate,NLD,Europe,2020-02-21,2020-03-09,310764.88,314415.24,EUR,152720,12142,873,2020-02-21 10:56:18,michael.berger060@platform.example.com
,CAMP-2020-02-000095,Summer Official Campaign,Performance,Affiliate,Google,organic,MEX,North America,2020-02-19,2020-03-06,105985.96,103392.69,MXN,30394,2380,161,2020-02-19 13:25:09,jeffery.miller012@commerce.example.com
,CAMP-2020-02-000096,Member All Campaign,Seasonal,Display,CRM,organic,AUS,Oceania,2020-02-21,2020-03-23,397638.37,383120.47,AUD,457882,19501,538,2020-02-21 20:13:36,michelle.sims041@analytics.example.com
,CAMP-2020-02-000097,Holiday Fire Campaign,Seasonal,Organic,Partner,direct,MEX,North America,2020-02-27,2020-03-15,482416.33,152060.57,MXN,95291,2362,119,2020-02-27 12:36:58,susan.rice083@commerce.example.com
,CAMP-2020-02-000098,Summer Suggest Campaign,Retention,Meta,Google,affiliate,GBR,Europe,2020-02-04,2020-03-05,234742.52,114364.87,GBP,102140,6965,506,2020-02-04 02:05:13,jennifer.bauer068@analytics.example.com
,CAMP-2020-02-000099,Growth Success Campaign,Retention,Organic,CRM,organic,SGP,Asia,2020-02-09,2020-03-02,209036.29,207268.66,SGD,202917,3086,287,2020-02-09 08:51:32,victor.palmer071@platform.example.com
,CAMP-2020-02-000100,Holiday Reason Campaign,Brand,Organic,CRM,email,USA,North America,2020-02-11,2020-02-26,355104.86,241322.62,USD,705047,35712,2913,2020-02-11 20:24:33,michelle.sims041@analytics.example.com
,CAMP-2020-02-000101,Summer Find Campaign,Seasonal,Organic,CRM,direct,ARE,Asia,2020-02-25,2020-03-25,200848.54,61976.06,AED,330548,22514,3508,2020-02-25 14:05:48,michelle.bender024@analytics.example.com
,CAMP-2020-02-000102,Holiday Likely Campaign,Seasonal,TikTok,TikTok,affiliate,ARE,Asia,2020-02-26,2020-03-13,466622.78,191124.09,AED,177655,11151,348,2020-02-26 11:44:11,michael.johnson061@platform.example.com
,CAMP-2020-02-000103,Member Attention Campaign,Launch,Google Ads,Meta,email,MEX,North America,2020-02-14,2020-03-09,220855.35,211639.12,MXN,177154,5636,406,2020-02-14 01:40:27,michael.berger060@platform.example.com
,CAMP-2020-02-000104,Winter Right Campaign,Retention,Meta,CRM,direct,CAN,North America,2020-02-01,2020-02-12,205308.81,110149.17,CAD,100805,5191,749,2020-02-01 07:14:45,michael.berger060@platform.example.com
,CAMP-2020-02-000105,Holiday Learn Campaign,Launch,Meta,CRM,referral,ITA,Europe,2020-02-19,2020-03-24,39559.28,35435.51,EUR,122412,8965,195,2020-02-19 16:35:04,stephen.clark001@analytics.example.com
,CAMP-2020-02-000106,Holiday Strong Campaign,Flash Sale,Organic,Partner,referral,ITA,Europe,2020-02-01,2020-03-02,274416.18,173395.53,EUR,246007,7268,1270,2020-02-01 15:47:40,taylor.cunningham023@commerce.example.com
,CAMP-2020-02-000107,Winter Professor Campaign,Retention,Affiliate,Meta,direct,ESP,Europe,2020-02-15,2020-03-10,346510.21,324001.49,EUR,120865,6457,122,2020-02-15 14:27:09,ryan.steele043@commerce.example.com
,CAMP-2020-02-000108,Growth Land Campaign,Launch,Display,Google,organic,SGP,Asia,2020-02-20,2020-03-20,223781.22,177539.76,SGD,66097,3390,88,2020-02-20 09:33:54,maria.ashley046@analytics.example.com
,CAMP-2020-02-000109,Back-to-School Stand Campaign,Launch,Meta,Google,social,SGP,Asia,2020-02-16,2020-03-04,142671.19,45699.88,SGD,209111,3463,543,2020-02-16 01:50:56,joseph.johnson049@dataops.example.com
,CAMP-2020-02-000110,Summer Region Campaign,Launch,TikTok,Partner,affiliate,ITA,Europe,2020-02-17,2020-03-09,184607.78,113863.48,EUR,105335,1489,256,2020-02-17 20:49:06,victor.palmer071@platform.example.com
,CAMP-2020-02-000111,Growth Born Campaign,Brand,Affiliate,Meta,email,ARE,Asia,2020-02-27,2020-03-21,50223.36,39351.59,AED,119283,9427,856,2020-02-27 12:56:07,michael.johnson061@platform.example.com
,CAMP-2020-02-000112,Winter Police Campaign,Performance,Google Ads,Partner,social,BRA,South America,2020-02-15,2020-03-10,414600.03,194793.34,BRL,529808,12698,2161,2020-02-15 01:54:17,andrea.cummings039@platform.example.com
,CAMP-2020-02-000113,Winter Point Campaign,Retention,Email,Partner,cpc,MEX,North America,2020-02-28,2020-03-20,166164.87,127668.95,MXN,16472,461,23,2020-02-28 13:14:03,ashley.marks069@commerce.example.com
,CAMP-2020-02-000114,Back-to-School Old Campaign,Retention,Meta,Google,direct,DEU,Europe,2020-02-15,2020-02-20,169691.97,87914.37,EUR,242318,15778,496,2020-02-15 21:13:14,maria.ashley046@analytics.example.com
,CAMP-2020-02-000115,Summer Product Campaign,Performance,Affiliate,Google,cpc,BRA,South America,2020-02-11,2020-02-21,450570.44,314184.03,BRL,81943,3098,181,2020-02-11 19:37:52,david.cabrera119@dataops.example.com
,CAMP-2020-02-000116,Back-to-School Ten Campaign,Launch,Meta,Partner,email,ITA,Europe,2020-02-05,2020-02-13,433566.4,386017.51,EUR,323250,19241,1166,2020-02-05 18:56:57,john.mullins109@commerce.example.com
,CAMP-2020-02-000117,Summer Worry Campaign,Performance,TikTok,Partner,email,IND,Asia,2020-02-07,2020-02-21,321979.79,318421.06,INR,44546,2511,91,2020-02-07 10:52:50,stephen.daniels076@commerce.example.com
,CAMP-2020-02-000118,Growth Bad Campaign,Performance,Affiliate,Google,referral,ARE,Asia,2020-02-20,2020-03-18,204599.01,163510.94,AED,326553,22325,2614,2020-02-20 07:29:54,james.proctor094@dataops.example.com
,CAMP-2020-02-000119,Growth Current Campaign,Retention,Organic,Partner,organic,MEX,North America,2020-02-13,2020-03-04,92637.0,41692.66,MXN,183049,12999,2082,2020-02-13 10:39:17,micheal.chen050@dataops.example.com
,CAMP-2020-02-000120,Winter However Campaign,Launch,Email,Google,social,ARE,Asia,2020-02-05,2020-02-24,326200.49,215303.1,AED,84372,4200,516,2020-02-05 18:15:57,ashley.marks069@commerce.example.com
,CAMP-2020-02-000121,Winter Indeed Campaign,Performance,Google Ads,Meta,cpc,ESP,Europe,2020-02-18,2020-03-04,68601.69,22868.82,EUR,25944,1520,58,2020-02-18 18:56:51,stephen.clark001@analytics.example.com
,CAMP-2020-02-000122,Summer Answer Campaign,Performance,Organic,CRM,affiliate,DEU,Europe,2020-02-25,2020-03-30,310023.59,239646.75,EUR,92550,6678,977,2020-02-25 06:41:47,patrick.gonzalez035@dataops.example.com
,CAMP-2020-02-000123,Winter Growth Campaign,Brand,Display,CRM,email,BRA,South America,2020-02-02,2020-03-06,233243.8,93048.59,BRL,137612,7118,621,2020-02-02 02:44:16,michael.johnson061@platform.example.com
,CAMP-2020-02-000124,Winter Image Campaign,Flash Sale,Affiliate,CRM,cpc,ARE,Asia,2020-02-07,2020-02-20,420189.15,338294.98,AED,165606,11594,848,2020-02-07 21:59:53,jennifer.hudson020@analytics.example.com
,CAMP-2020-02-000125,Winter Civil Campaign,Launch,Affiliate,Partner,affiliate,GBR,Europe,2020-02-25,2020-03-13,69296.31,50157.3,GBP,68475,3211,454,2020-02-25 07:29:17,michael.berger060@platform.example.com
,CAMP-2020-02-000126,Holiday Offer Campaign,Seasonal,Meta,TikTok,cpc,CAN,North America,2020-02-27,2020-03-18,437118.14,236465.62,CAD,113588,6642,999,2020-02-27 03:13:04,patrick.gonzalez035@dataops.example.com
,CAMP-2020-02-000127,Holiday Everything Campaign,Launch,TikTok,Google,affiliate,USA,North America,2020-02-25,2020-03-29,204236.98,62409.68,USD,330436,14586,2327,2020-02-25 03:31:46,brandi.carter038@dataops.example.com
,CAMP-2020-02-000128,Member Billion Campaign,Launch,Email,CRM,email,DEU,Europe,2020-02-02,2020-03-02,191558.07,178682.37,EUR,104420,6174,740,2020-02-02 14:22:55,brandi.carter038@dataops.example.com
,CAMP-2020-02-000129,Summer Idea Campaign,Performance,Organic,CRM,affiliate,FRA,Europe,2020-02-15,2020-03-15,495533.38,225606.47,EUR,145408,5506,341,2020-02-15 14:50:34,taylor.cunningham023@commerce.example.com
,CAMP-2020-02-000130,Summer We Campaign,Seasonal,Email,Meta,email,IND,Asia,2020-02-16,2020-02-21,24949.0,10767.02,INR,622276,32903,4532,2020-02-16 04:25:44,ashley.marks069@commerce.example.com
,CAMP-2020-02-000131,Growth Floor Campaign,Retention,Meta,Google,email,MEX,North America,2020-02-08,2020-02-27,422490.17,412359.79,MXN,100120,1180,13,2020-02-08 18:11:56,eric.horton058@analytics.example.com
,CAMP-2020-02-000132,Holiday Lawyer Campaign,Seasonal,Display,Google,cpc,JPN,Asia,2020-02-03,2020-02-19,434771.79,370433.35,JPY,19467,436,30,2020-02-03 00:32:57,michelle.sims041@analytics.example.com
,CAMP-2020-02-000133,Member Change Campaign,Retention,Organic,Meta,email,SGP,Asia,2020-02-18,2020-03-06,397609.69,196529.42,SGD,109246,4249,697,2020-02-18 19:42:26,ashley.marks069@commerce.example.com
,CAMP-2020-02-000134,Holiday Toward Campaign,Launch,Meta,TikTok,referral,ITA,Europe,2020-02-09,2020-03-05,337252.77,124642.14,EUR,131498,2914,104,2020-02-09 08:44:23,peter.martinez098@platform.example.com
,CAMP-2020-02-000135,Summer Economic Campaign,Retention,Meta,Meta,social,DEU,Europe,2020-02-11,2020-02-15,247046.05,78872.26,EUR,34994,2641,268,2020-02-11 09:02:21,david.cabrera119@dataops.example.com
,CAMP-2020-02-000136,Member Get Campaign,Seasonal,Affiliate,CRM,social,SGP,Asia,2020-02-12,2020-03-02,55422.13,54731.98,SGD,48676,1803,318,2020-02-12 15:17:27,brandi.carter038@dataops.example.com
,CAMP-2020-02-000137,Summer Bank Campaign,Launch,Affiliate,Meta,affiliate,NLD,Europe,2020-02-16,2020-02-29,86286.21,56275.0,EUR,102524,2368,218,2020-02-16 17:22:20,michelle.bender024@analytics.example.com
,CAMP-2020-02-000138,Back-to-School Mrs Campaign,Performance,Affiliate,TikTok,organic,JPN,Asia,2020-02-18,2020-03-18,195000.28,77427.93,JPY,22035,505,40,2020-02-18 02:24:18,andrea.cummings039@platform.example.com
,CAMP-2020-02-000139,Holiday Moment Campaign,Performance,Affiliate,Meta,email,ITA,Europe,2020-02-08,2020-03-05,46919.03,32353.71,EUR,64513,3793,217,2020-02-08 10:40:49,david.cabrera119@dataops.example.com
,CAMP-2020-02-000140,Summer Discuss Campaign,Seasonal,TikTok,TikTok,direct,ESP,Europe,2020-02-24,2020-03-26,406773.2,332695.69,EUR,158001,2573,426,2020-02-24 21:53:05,jeffery.miller012@commerce.example.com
,CAMP-2020-02-000141,Summer Fact Campaign,Launch,Display,Meta,referral,JPN,Asia,2020-02-07,2020-03-03,109336.98,34169.71,JPY,97781,4216,438,2020-02-07 08:47:48,megan.cunningham013@commerce.example.com
,CAMP-2020-02-000142,Back-to-School Bring Campaign,Brand,Affiliate,TikTok,direct,BRA,South America,2020-02-03,2020-02-25,87945.33,71058.32,BRL,326044,24219,556,2020-02-03 23:05:14,jeffery.miller012@commerce.example.com
,CAMP-2020-02-000143,Holiday Somebody Campaign,Seasonal,Google Ads,CRM,email,MEX,North America,2020-02-15,2020-02-25,88761.39,59081.54,MXN,30370,2396,80,2020-02-15 05:51:50,stephen.daniels076@commerce.example.com
,CAMP-2020-02-000144,Holiday System Campaign,Flash Sale,Organic,Meta,email,USA,North America,2020-02-18,2020-03-14,187707.27,168579.92,USD,87039,5587,998,2020-02-18 03:27:57,joseph.johnson049@dataops.example.com
,CAMP-2020-02-000145,Summer Identify Campaign,Brand,Google Ads,Google,organic,FRA,Europe,2020-02-18,2020-03-13,359725.87,346035.98,EUR,44459,1270,24,2020-02-18 01:50:45,victor.palmer071@platform.example.com
,CAMP-2020-02-000146,Growth Live Campaign,Retention,TikTok,TikTok,affiliate,BRA,South America,2020-02-27,2020-03-10,45799.51,33334.24,BRL,44371,2681,352,2020-02-27 21:47:58,tina.williams074@commerce.example.com
,CAMP-2020-02-000147,Winter Another Campaign,Seasonal,Affiliate,Partner,organic,IND,Asia,2020-02-21,2020-03-27,403909.35,231132.93,INR,285783,14177,1670,2020-02-21 17:36:10,stephen.daniels076@commerce.example.com
,CAMP-2020-02-000148,Summer Morning Campaign,Brand,TikTok,Google,organic,JPN,Asia,2020-02-13,2020-02-27,220179.1,154394.16,JPY,27667,1643,224,2020-02-13 04:53:10,brandi.carter038@dataops.example.com
,CAMP-2020-02-000149,Member Standard Campaign,Brand,Google Ads,Meta,email,NLD,Europe,2020-02-03,2020-03-08,483416.42,324259.46,EUR,158460,8733,111,2020-02-03 10:05:45,michelle.sims041@analytics.example.com
,CAMP-2020-02-000150,Winter Relate Campaign,Brand,Display,TikTok,social,ITA,Europe,2020-02-23,2020-03-05,7830.82,4969.38,EUR,21911,1364,58,2020-02-23 18:25:02,stephen.clark001@analytics.example.com
,CAMP-2020-02-000151,Winter Black Campaign,Brand,Meta,Meta,email,AUS,Oceania,2020-02-08,2020-02-15,113965.92,62325.31,AUD,299315,15900,2637,2020-02-08 14:44:51,michelle.sims041@analytics.example.com
,CAMP-2020-02-000152,Holiday Agency Campaign,Brand,Meta,TikTok,affiliate,DEU,Europe,2020-02-07,2020-03-10,116486.84,62702.3,EUR,90199,1937,230,2020-02-07 01:11:01,ashley.marks069@commerce.example.com
,CAMP-2020-02-000153,Back-to-School Bag Campaign,Retention,Google Ads,Google,email,GBR,Europe,2020-02-24,2020-03-10,88814.73,86990.32,GBP,13791,482,76,2020-02-24 03:37:32,ashley.marks069@commerce.example.com
,CAMP-2020-02-000154,Member White Campaign,Brand,Meta,Meta,direct,MEX,North America,2020-02-17,2020-03-22,55382.87,42016.48,MXN,195914,14248,1206,2020-02-17 10:03:51,adam.gordon030@commerce.example.com
,CAMP-2020-02-000155,Winter Industry Campaign,Flash Sale,Google Ads,Partner,organic,JPN,Asia,2020-02-05,2020-02-13,292674.88,132757.73,JPY,22013,651,7,2020-02-05 03:06:42,jennifer.bauer068@analytics.example.com
,CAMP-2020-02-000156,Holiday Subject Campaign,Brand,Organic,Google,direct,SGP,Asia,2020-02-20,2020-03-03,233772.46,179812.15,SGD,84260,5533,820,2020-02-20 04:29:22,peter.martinez098@platform.example.com
,CAMP-2020-02-000157,Summer Nature Campaign,Performance,Meta,Google,organic,ITA,Europe,2020-02-10,2020-03-16,301455.75,155608.87,EUR,75490,1639,149,2020-02-10 14:47:46,michael.johnson061@platform.example.com
,CAMP-2020-02-000158,Summer Capital Campaign,Launch,Google Ads,Meta,cpc,USA,North America,2020-02-12,2020-03-03,98779.01,41098.31,USD,101994,2988,137,2020-02-12 12:21:38,micheal.chen050@dataops.example.com
,CAMP-2020-02-000159,Back-to-School What Campaign,Seasonal,Meta,CRM,referral,ARE,Asia,2020-02-12,2020-03-08,377101.58,178249.39,AED,60922,1575,178,2020-02-12 14:48:21,kelsey.taylor010@platform.example.com
,CAMP-2020-02-000160,Member List Campaign,Brand,Google Ads,Partner,social,USA,North America,2020-02-17,2020-02-22,162143.48,155067.7,USD,90053,6833,1119,2020-02-17 02:46:51,jennifer.bauer068@analytics.example.com
,CAMP-2020-02-000161,Holiday Should Campaign,Retention,Display,Meta,email,CAN,North America,2020-02-25,2020-03-20,17164.42,15169.22,CAD,280561,11394,1478,2020-02-25 16:44:16,lance.williams029@platform.example.com
,CAMP-2020-02-000162,Member Woman Campaign,Seasonal,TikTok,TikTok,direct,ESP,Europe,2020-02-13,2020-02-25,43023.64,32240.09,EUR,147203,9203,1417,2020-02-13 08:31:56,maria.ashley046@analytics.example.com
,CAMP-2020-02-000163,Holiday Debate Campaign,Seasonal,Organic,TikTok,organic,NLD,Europe,2020-02-05,2020-02-28,173146.84,159116.52,EUR,170028,3342,509,2020-02-05 04:24:08,lance.williams029@platform.example.com
,CAMP-2020-02-000164,Member What Campaign,Brand,Email,Partner,cpc,AUS,Oceania,2020-02-07,2020-03-10,343070.09,309620.19,AUD,2142284,167129,15345,2020-02-07 16:10:51,jennifer.bauer068@analytics.example.com
,CAMP-2020-02-000165,Winter Prepare Campaign,Launch,TikTok,Partner,direct,ESP,Europe,2020-02-04,2020-02-07,410445.68,227701.72,EUR,75957,2876,275,2020-02-04 11:33:46,peter.martinez098@platform.example.com
,CAMP-2020-02-000166,Member Area Campaign,Retention,Email,CRM,email,BRA,South America,2020-02-22,2020-03-19,275522.08,263038.11,BRL,33018,1481,179,2020-02-22 10:59:25,micheal.chen050@dataops.example.com
,CAMP-2020-02-000167,Member Talk Campaign,Flash Sale,TikTok,Partner,affiliate,AUS,Oceania,2020-02-02,2020-02-07,100154.12,55447.58,AUD,330207,11363,838,2020-02-02 06:17:08,michael.berger060@platform.example.com
,CAMP-2020-02-000168,Member Knowledge Campaign,Flash Sale,Meta,Partner,affiliate,NLD,Europe,2020-02-01,2020-02-15,301250.33,118846.78,EUR,657755,51399,2083,2020-02-01 20:03:32,megan.cunningham013@commerce.example.com
,CAMP-2020-02-000169,Growth Hard Campaign,Flash Sale,Display,CRM,social,AUS,Oceania,2020-02-24,2020-03-12,363264.63,205693.45,AUD,663514,25919,2550,2020-02-24 02:28:33,micheal.hall064@dataops.example.com
,CAMP-2020-02-000170,Holiday Treatment Campaign,Seasonal,Google Ads,TikTok,organic,ITA,Europe,2020-02-20,2020-02-29,276646.04,107047.86,EUR,136925,9221,743,2020-02-20 19:19:56,peter.martinez098@platform.example.com
,CAMP-2020-02-000171,Summer Seek Campaign,Seasonal,Google Ads,Google,referral,SGP,Asia,2020-02-24,2020-03-20,414795.34,346100.32,SGD,80588,2179,301,2020-02-24 05:06:25,john.mullins109@commerce.example.com
,CAMP-2020-02-000172,Member Attorney Campaign,Brand,TikTok,TikTok,cpc,MEX,North America,2020-02-29,2020-03-20,327687.34,290469.93,MXN,188334,8348,782,2020-02-29 10:50:14,susan.rice083@commerce.example.com
,CAMP-2020-02-000173,Holiday Toward Campaign,Seasonal,Meta,CRM,direct,CAN,North America,2020-02-28,2020-03-21,2625.58,1813.85,CAD,144039,8960,805,2020-02-28 18:49:22,victor.palmer071@platform.example.com
,CAMP-2020-02-000174,Back-to-School Letter Campaign,Performance,TikTok,Google,organic,DEU,Europe,2020-02-20,2020-03-02,416121.04,169763.0,EUR,201831,11786,530,2020-02-20 07:15:02,tina.williams074@commerce.example.com
,CAMP-2020-02-000175,Member Than Campaign,Brand,Display,CRM,email,JPN,Asia,2020-02-02,2020-03-06,89963.98,38479.04,JPY,28292,2070,63,2020-02-02 07:34:33,jennifer.bauer068@analytics.example.com
,CAMP-2020-02-000176,Growth Every Campaign,Flash Sale,Email,Meta,organic,ARE,Asia,2020-02-02,2020-03-07,103000.18,35180.05,AED,114648,6480,771,2020-02-02 14:17:24,patrick.gonzalez035@dataops.example.com
,CAMP-2020-02-000177,Growth Player Campaign,Performance,Google Ads,Google,organic,NLD,Europe,2020-02-25,2020-03-07,303838.08,182793.03,EUR,61207,3682,381,2020-02-25 03:38:25,taylor.cunningham023@commerce.example.com
,CAMP-2020-02-000178,Winter Along Campaign,Seasonal,Affiliate,Meta,email,DEU,Europe,2020-02-25,2020-03-24,454823.9,231815.14,EUR,101087,5498,839,2020-02-25 13:02:46,john.mullins109@commerce.example.com
,CAMP-2020-02-000179,Winter Society Campaign,Retention,Email,Partner,cpc,GBR,Europe,2020-02-21,2020-03-20,406250.07,356991.72,GBP,71099,724,31,2020-02-21 23:31:43,eric.horton058@analytics.example.com
,CAMP-2020-02-000180,Member Sister Campaign,Retention,Google Ads,Meta,cpc,JPN,Asia,2020-02-25,2020-03-14,481545.41,268230.27,JPY,17004,226,18,2020-02-25 00:28:32,michael.berger060@platform.example.com
,CAMP-2020-02-000181,Summer Choose Campaign,Seasonal,Google Ads,Meta,affiliate,SGP,Asia,2020-02-06,2020-03-12,439335.51,175622.43,SGD,30495,947,141,2020-02-06 14:20:55,ryan.steele043@commerce.example.com
,CAMP-2020-02-000182,Summer Land Campaign,Retention,Google Ads,Google,email,USA,North America,2020-02-06,2020-03-03,462058.05,173552.54,USD,299490,4091,695,2020-02-06 17:35:16,susan.rice083@commerce.example.com
,CAMP-2020-02-000183,Holiday Anything Campaign,Performance,Email,CRM,affiliate,DEU,Europe,2020-02-01,2020-03-03,390672.78,121981.55,EUR,37374,769,9,2020-02-01 08:26:27,susan.rice083@commerce.example.com
,CAMP-2020-02-000184,Holiday Care Campaign,Flash Sale,Google Ads,CRM,cpc,ARE,Asia,2020-02-16,2020-02-27,137335.19,136387.3,AED,608635,18185,435,2020-02-16 13:35:43,susan.rice083@commerce.example.com
,CAMP-2020-02-000185,Back-to-School Tax Campaign,Performance,Meta,Meta,referral,ARE,Asia,2020-02-12,2020-02-29,21061.95,9414.92,AED,28149,1693,31,2020-02-12 14:06:29,micheal.chen050@dataops.example.com
,CAMP-2020-02-000186,Holiday Ground Campaign,Retention,Display,TikTok,cpc,SGP,Asia,2020-02-14,2020-03-04,490082.17,450622.01,SGD,58158,2834,434,2020-02-14 19:48:15,stephen.daniels076@commerce.example.com
,CAMP-2020-02-000187,Member Above Campaign,Flash Sale,Display,Google,social,MEX,North America,2020-02-08,2020-02-24,339255.32,183927.39,MXN,36873,1867,298,2020-02-08 21:48:12,andrea.cummings039@platform.example.com
,CAMP-2020-02-000188,Holiday His Campaign,Seasonal,Meta,CRM,affiliate,SGP,Asia,2020-02-14,2020-02-25,122570.22,39429.87,SGD,137317,9086,459,2020-02-14 04:55:26,michelle.sims041@analytics.example.com
,CAMP-2020-02-000189,Back-to-School Offer Campaign,Retention,Email,Google,referral,BRA,South America,2020-02-03,2020-02-08,488188.67,466885.84,BRL,60663,2425,406,2020-02-03 10:19:33,lance.williams029@platform.example.com
,CAMP-2020-02-000190,Back-to-School Little Campaign,Launch,Meta,CRM,cpc,JPN,Asia,2020-02-21,2020-03-23,9823.19,4875.77,JPY,394630,9052,732,2020-02-21 03:45:27,michael.johnson061@platform.example.com
,CAMP-2020-02-000191,Holiday Store Campaign,Flash Sale,Google Ads,Partner,cpc,FRA,Europe,2020-02-29,2020-03-03,150709.72,48193.6,EUR,327153,6953,837,2020-02-29 09:21:30,micheal.chen050@dataops.example.com
,CAMP-2020-02-000192,Holiday Artist Campaign,Seasonal,Organic,Google,referral,SGP,Asia,2020-02-07,2020-03-13,315409.31,300274.65,SGD,512176,35131,5035,2020-02-07 15:20:53,lance.williams029@platform.example.com
,CAMP-2020-02-000193,Summer Wife Campaign,Seasonal,TikTok,TikTok,social,USA,North America,2020-02-09,2020-02-15,118987.15,56460.7,USD,278159,19117,2024,2020-02-09 21:35:10,lance.williams029@platform.example.com
,CAMP-2020-02-000194,Growth Song Campaign,Flash Sale,Meta,TikTok,cpc,ARE,Asia,2020-02-13,2020-03-16,160167.88,116563.3,AED,25083,1240,129,2020-02-13 05:07:31,kelsey.taylor010@platform.example.com
,CAMP-2020-02-000195,Back-to-School Support Campaign,Seasonal,Email,Google,organic,AUS,Oceania,2020-02-27,2020-03-17,54597.75,31409.26,AUD,17563,1128,145,2020-02-27 01:39:09,jeffery.miller012@commerce.example.com
,CAMP-2020-02-000196,Back-to-School When Campaign,Flash Sale,Email,TikTok,direct,CAN,North America,2020-02-05,2020-03-09,67687.24,45666.19,CAD,67835,4022,137,2020-02-05 17:06:47,joseph.johnson049@dataops.example.com
,CAMP-2020-02-000197,Back-to-School Fill Campaign,Brand,Email,TikTok,cpc,MEX,North America,2020-02-17,2020-03-09,137802.06,63941.01,MXN,54363,938,89,2020-02-17 11:31:57,joseph.johnson049@dataops.example.com
,CAMP-2020-02-000198,Summer Arrive Campaign,Retention,Organic,Google,social,ESP,Europe,2020-02-28,2020-03-18,366005.36,296478.43,EUR,74538,1803,56,2020-02-28 21:14:20,john.mullins109@commerce.example.com
,CAMP-2020-02-000199,Summer Move Campaign,Launch,Affiliate,TikTok,affiliate,MEX,North America,2020-02-14,2020-03-07,313641.22,251427.87,MXN,312734,11712,541,2020-02-14 16:06:57,patrick.gonzalez035@dataops.example.com
,CAMP-2020-02-000200,Holiday End Campaign,Flash Sale,Affiliate,TikTok,organic,MEX,North America,2020-02-25,2020-03-31,204874.68,202859.77,MXN,85219,2077,214,2020-02-25 14:12:40,jennifer.hudson020@analytics.example.com
,CAMP-2020-02-000201,Winter Whole Campaign,Launch,Meta,Google,direct,AUS,Oceania,2020-02-26,2020-03-12,355876.04,164806.96,AUD,43371,3442,564,2020-02-26 04:14:36,michelle.bender024@analytics.example.com
,CAMP-2020-02-000202,Growth School Campaign,Performance,Google Ads,TikTok,email,IND,Asia,2020-02-03,2020-02-15,254816.84,204257.35,INR,22270,434,27,2020-02-03 13:46:53,kelsey.taylor010@platform.example.com
,CAMP-2020-02-000203,Winter Successful Campaign,Seasonal,Meta,Partner,cpc,DEU,Europe,2020-02-28,2020-03-06,2029.61,1758.2,EUR,211552,7110,865,2020-02-28 15:59:48,taylor.cunningham023@commerce.example.com
,CAMP-2020-02-000204,Winter Color Campaign,Retention,Display,Meta,referral,BRA,South America,2020-02-28,2020-04-02,284729.47,244931.2,BRL,464147,12911,2303,2020-02-28 13:14:03,michelle.sims041@analytics.example.com
,CAMP-2020-02-000205,Growth Personal Campaign,Seasonal,Affiliate,Google,organic,SGP,Asia,2020-02-07,2020-02-11,236992.07,228070.42,SGD,141781,11247,1166,2020-02-07 08:13:21,micheal.chen050@dataops.example.com
,CAMP-2020-02-000206,Back-to-School Personal Campaign,Seasonal,Affiliate,CRM,affiliate,IND,Asia,2020-02-24,2020-03-10,145706.21,143209.18,INR,258893,15482,2681,2020-02-24 08:14:09,taylor.cunningham023@commerce.example.com
,CAMP-2020-02-000207,Back-to-School Item Campaign,Performance,Organic,Meta,organic,FRA,Europe,2020-02-19,2020-02-22,29868.95,27058.27,EUR,169316,5352,412,2020-02-19 05:13:09,megan.cunningham013@commerce.example.com
,CAMP-2020-02-000208,Holiday Performance Campaign,Retention,Organic,Partner,email,FRA,Europe,2020-02-22,2020-03-27,446843.84,178924.61,EUR,191842,11970,906,2020-02-22 18:06:20,michael.berger060@platform.example.com
,CAMP-2020-02-000209,Holiday Defense Campaign,Brand,Google Ads,Meta,email,FRA,Europe,2020-02-17,2020-03-19,447631.67,415035.86,EUR,32544,1954,199,2020-02-17 06:18:56,michelle.bender024@analytics.example.com
,CAMP-2020-02-000210,Summer Member Campaign,Brand,Organic,Meta,affiliate,FRA,Europe,2020-02-26,2020-03-31,392717.32,324415.38,EUR,46192,3205,422,2020-02-26 12:58:21,stephen.daniels076@commerce.example.com
,CAMP-2020-02-000211,Growth Senior Campaign,Performance,Email,TikTok,organic,AUS,Oceania,2020-02-08,2020-02-13,133044.89,66364.73,AUD,55899,1275,206,2020-02-08 22:39:30,jennifer.hudson020@analytics.example.com
,CAMP-2020-02-000212,Holiday Impact Campaign,Flash Sale,Email,Google,affiliate,JPN,Asia,2020-02-10,2020-02-17,350153.94,194479.95,JPY,110872,3356,42,2020-02-10 23:31:52,michelle.sims041@analytics.example.com
,CAMP-2020-02-000213,Summer Concern Campaign,Brand,Affiliate,Partner,organic,GBR,Europe,2020-02-06,2020-03-09,444907.48,315829.99,GBP,183876,4513,391,2020-02-06 09:36:11,james.proctor094@dataops.example.com
,CAMP-2020-02-000214,Back-to-School Benefit Campaign,Seasonal,TikTok,CRM,social,CAN,North America,2020-02-05,2020-02-13,321205.34,245796.69,CAD,17382,954,123,2020-02-05 18:02:02,john.mullins109@commerce.example.com
,CAMP-2020-02-000215,Winter Dog Campaign,Performance,Meta,TikTok,organic,GBR,Europe,2020-02-08,2020-02-14,449235.75,254774.77,GBP,49835,1701,295,2020-02-08 11:38:47,david.cabrera119@dataops.example.com
,CAMP-2020-02-000216,Member Until Campaign,Performance,Email,Google,email,NLD,Europe,2020-02-17,2020-03-05,233410.56,155504.94,EUR,7996,322,5,2020-02-17 13:21:57,ryan.steele043@commerce.example.com
,CAMP-2020-02-000217,Holiday Job Campaign,Brand,TikTok,TikTok,direct,CAN,North America,2020-02-24,2020-03-07,203442.81,91114.89,CAD,139491,2389,187,2020-02-24 23:32:42,stephen.daniels076@commerce.example.com
,CAMP-2020-02-000218,Winter Idea Campaign,Launch,Email,Partner,email,IND,Asia,2020-02-29,2020-03-27,195923.55,167326.24,INR,1954077,44900,4558,2020-02-29 22:50:27,jennifer.hudson020@analytics.example.com
,CAMP-2020-02-000219,Growth Method Campaign,Brand,TikTok,Google,referral,USA,North America,2020-02-28,2020-04-02,40923.81,40612.27,USD,1173979,27237,1689,2020-02-28 07:04:52,brandi.carter038@dataops.example.com
,CAMP-2020-02-000220,Member Find Campaign,Performance,Display,Meta,social,ITA,Europe,2020-02-18,2020-03-16,207751.42,116307.02,EUR,211817,4744,834,2020-02-18 06:06:17,susan.rice083@commerce.example.com
,CAMP-2020-02-000221,Growth Material Campaign,Launch,Meta,CRM,referral,AUS,Oceania,2020-02-08,2020-03-07,364778.96,132239.24,AUD,81311,4271,364,2020-02-08 22:00:41,eric.horton058@analytics.example.com
,CAMP-2020-02-000222,Holiday Form Campaign,Performance,Display,Google,social,ARE,Asia,2020-02-16,2020-02-27,276124.97,226182.83,AED,157810,6125,754,2020-02-16 13:17:09,brandi.carter038@dataops.example.com
,CAMP-2020-02-000223,Winter Result Campaign,Performance,TikTok,Google,direct,JPN,Asia,2020-02-18,2020-02-25,42831.15,20333.96,JPY,183255,2459,185,2020-02-18 04:07:16,stephen.daniels076@commerce.example.com
,CAMP-2020-02-000224,Growth Someone Campaign,Launch,Email,TikTok,organic,ITA,Europe,2020-02-25,2020-03-13,181182.51,66263.04,EUR,242098,2651,198,2020-02-25 00:02:20,james.proctor094@dataops.example.com
,CAMP-2020-02-000225,Holiday Wrong Campaign,Flash Sale,Affiliate,Meta,referral,NLD,Europe,2020-02-23,2020-03-22,201455.78,117007.47,EUR,153760,9041,628,2020-02-23 07:11:53,lance.williams029@platform.example.com
,CAMP-2020-02-000226,Winter Animal Campaign,Brand,Meta,Meta,affiliate,ITA,Europe,2020-02-12,2020-02-18,179491.27,127223.84,EUR,33062,425,49,2020-02-12 13:37:13,ashley.marks069@commerce.example.com
,CAMP-2020-02-000227,Holiday Country Campaign,Performance,Organic,Partner,email,GBR,Europe,2020-02-21,2020-03-19,108609.25,42594.95,GBP,94586,2304,376,2020-02-21 19:20:45,megan.cunningham013@commerce.example.com
,CAMP-2020-02-000228,Summer Other Campaign,Seasonal,Meta,CRM,social,GBR,Europe,2020-02-03,2020-02-08,123312.92,56099.89,GBP,158701,11638,525,2020-02-03 11:19:45,maria.ashley046@analytics.example.com
,CAMP-2020-02-000229,Summer Wonder Campaign,Performance,TikTok,Google,referral,SGP,Asia,2020-02-19,2020-03-22,270345.93,266676.8,SGD,54496,3676,575,2020-02-19 03:34:52,jennifer.hudson020@analytics.example.com
,CAMP-2020-02-000230,Winter Religious Campaign,Flash Sale,Display,Google,social,FRA,Europe,2020-02-19,2020-03-23,338794.92,181993.13,EUR,34747,2643,175,2020-02-19 16:16:21,eric.horton058@analytics.example.com
,CAMP-2020-02-000231,Back-to-School Right Campaign,Retention,Meta,Google,cpc,CAN,North America,2020-02-28,2020-03-04,286323.63,128409.21,CAD,269929,3646,223,2020-02-28 12:15:13,kelsey.taylor010@platform.example.com
,CAMP-2020-02-000232,Holiday Daughter Campaign,Performance,Meta,Google,email,MEX,North America,2020-02-15,2020-03-08,379150.58,170081.21,MXN,122286,1893,216,2020-02-15 06:14:13,eric.horton058@analytics.example.com
,CAMP-2020-02-000233,Back-to-School Before Campaign,Retention,Organic,Meta,social,DEU,Europe,2020-02-20,2020-03-25,106118.75,102400.35,EUR,115543,8099,1195,2020-02-20 17:56:40,andrea.cummings039@platform.example.com
,CAMP-2020-02-000234,Growth Leader Campaign,Launch,Affiliate,Google,email,USA,North America,2020-02-27,2020-03-03,261176.76,96178.96,USD,187536,11297,246,2020-02-27 11:14:03,victor.palmer071@platform.example.com
,CAMP-2020-02-000235,Summer Candidate Campaign,Performance,Organic,CRM,direct,ESP,Europe,2020-02-15,2020-02-24,368670.29,207237.63,EUR,106605,4857,347,2020-02-15 07:51:56,stephen.daniels076@commerce.example.com
,CAMP-2020-02-000236,Winter Crime Campaign,Performance,Organic,CRM,affiliate,USA,North America,2020-02-24,2020-03-05,293317.69,161575.57,USD,61445,4053,401,2020-02-24 23:46:42,stephen.clark001@analytics.example.com
,CAMP-2020-02-000237,Back-to-School Line Campaign,Seasonal,Display,Meta,direct,IND,Asia,2020-02-12,2020-03-04,198455.01,87324.59,INR,52770,4142,580,2020-02-12 12:16:30,tina.williams074@commerce.example.com
,CAMP-2020-02-000238,Holiday Identify Campaign,Retention,Email,Meta,affiliate,GBR,Europe,2020-02-19,2020-02-27,158934.44,76402.47,GBP,66116,2671,354,2020-02-19 01:23:38,brandi.carter038@dataops.example.com
,CAMP-2020-02-000239,Back-to-School Every Campaign,Launch,Display,TikTok,social,MEX,North America,2020-02-21,2020-03-08,79392.61,62656.27,MXN,62853,1179,139,2020-02-21 23:17:44,joseph.johnson049@dataops.example.com
,CAMP-2020-02-000240,Back-to-School Court Campaign,Flash Sale,Organic,Partner,cpc,CAN,North America,2020-02-23,2020-03-02,291592.24,93545.28,CAD,177134,9416,1601,2020-02-23 18:55:04,adam.gordon030@commerce.example.com
,CAMP-2020-02-000241,Growth Road Campaign,Performance,TikTok,Meta,organic,GBR,Europe,2020-02-11,2020-03-13,471402.6,158125.06,GBP,186630,6067,973,2020-02-11 22:19:28,joseph.johnson049@dataops.example.com
,CAMP-2020-02-000242,Winter Half Campaign,Retention,Google Ads,Meta,organic,AUS,Oceania,2020-02-04,2020-02-13,306841.26,176862.96,AUD,48181,2851,341,2020-02-04 00:38:53,joseph.johnson049@dataops.example.com
,CAMP-2020-02-000243,Back-to-School Station Campaign,Brand,Organic,TikTok,email,ITA,Europe,2020-02-05,2020-02-13,302582.61,292642.59,EUR,99708,1114,103,2020-02-05 20:49:16,david.cabrera119@dataops.example.com
,CAMP-2020-02-000244,Summer Develop Campaign,Seasonal,Affiliate,Google,social,MEX,North America,2020-02-20,2020-03-23,146407.18,71385.91,MXN,53143,1082,131,2020-02-20 04:44:53,victor.palmer071@platform.example.com
,CAMP-2020-02-000245,Back-to-School Choice Campaign,Seasonal,TikTok,Google,affiliate,BRA,South America,2020-02-11,2020-03-09,426236.29,417592.33,BRL,37173,2731,72,2020-02-11 19:10:16,john.mullins109@commerce.example.com
,CAMP-2020-02-000246,Summer Film Campaign,Performance,Organic,Partner,direct,SGP,Asia,2020-02-13,2020-02-29,171768.19,72318.82,SGD,102879,2353,176,2020-02-13 14:25:28,michelle.bender024@analytics.example.com
,CAMP-2020-02-000247,Winter Whatever Campaign,Brand,Display,Partner,referral,JPN,Asia,2020-02-23,2020-02-29,126597.58,66188.01,JPY,410664,24880,3089,2020-02-23 04:24:07,ashley.marks069@commerce.example.com
,CAMP-2020-02-000248,Summer Perhaps Campaign,Brand,Display,Meta,organic,ESP,Europe,2020-02-13,2020-03-13,372653.28,321056.82,EUR,101299,1176,186,2020-02-13 21:45:50,joseph.johnson049@dataops.example.com
,CAMP-2020-02-000249,Member How Campaign,Launch,Display,Google,organic,JPN,Asia,2020-02-13,2020-03-02,499558.88,222742.69,JPY,200315,2509,260,2020-02-13 09:56:08,michael.berger060@platform.example.com
,CAMP-2020-02-000250,Winter Race Campaign,Retention,Google Ads,Meta,organic,GBR,Europe,2020-02-19,2020-03-16,113899.58,102642.64,GBP,24618,683,108,2020-02-19 19:54:14,micheal.chen050@dataops.example.com
,CAMP-2020-02-000251,Growth Include Campaign,Launch,Organic,Google,affiliate,SGP,Asia,2020-02-12,2020-03-10,388105.95,394132.01,SGD,36761,2522,228,2020-02-12 02:07:12,susan.rice083@commerce.example.com
,CAMP-2020-02-000252,Winter Course Campaign,Retention,Display,TikTok,direct,IND,Asia,2020-02-16,2020-03-05,210108.46,132620.21,INR,195067,14907,236,2020-02-16 10:34:49,micheal.hall064@dataops.example.com
,CAMP-2020-02-000253,Winter Bring Campaign,Seasonal,TikTok,Meta,social,AUS,Oceania,2020-02-07,2020-03-10,392596.56,379696.31,AUD,15358,964,50,2020-02-07 17:38:46,lance.williams029@platform.example.com
,CAMP-2020-02-000254,Back-to-School Center Campaign,Flash Sale,Organic,Partner,organic,GBR,Europe,2020-02-22,2020-03-11,291174.89,112190.92,GBP,349108,23790,1509,2020-02-22 19:06:00,tina.williams074@commerce.example.com
,CAMP-2020-02-000255,Summer Weight Campaign,Brand,Google Ads,TikTok,cpc,JPN,Asia,2020-02-11,2020-03-03,466013.89,151986.91,JPY,39412,2431,62,2020-02-11 20:43:39,stephen.clark001@analytics.example.com
,CAMP-2020-02-000256,Holiday Visit Campaign,Brand,Email,CRM,social,MEX,North America,2020-02-27,2020-03-24,26664.28,15686.34,MXN,325236,6367,466,2020-02-27 11:02:03,michael.berger060@platform.example.com
,CAMP-2020-02-000257,Back-to-School Price Campaign,Flash Sale,TikTok,CRM,social,FRA,Europe,2020-02-08,2020-03-04,312214.58,149260.91,EUR,320784,8434,1445,2020-02-08 23:38:26,jennifer.bauer068@analytics.example.com
,CAMP-2020-02-000258,Holiday Already Campaign,Flash Sale,Email,Partner,cpc,ESP,Europe,2020-02-12,2020-02-17,79335.71,24195.36,EUR,23246,407,41,2020-02-12 16:16:31,taylor.cunningham023@commerce.example.com
,CAMP-2020-02-000259,Holiday Someone Campaign,Launch,Organic,CRM,social,ITA,Europe,2020-02-28,2020-03-03,319096.27,280522.28,EUR,503512,14703,2521,2020-02-28 09:42:01,kelsey.taylor010@platform.example.com
,CAMP-2020-02-000260,Back-to-School Sing Campaign,Launch,Email,Partner,social,NLD,Europe,2020-02-08,2020-03-14,63640.46,35324.93,EUR,111404,5568,704,2020-02-08 23:53:35,andrea.cummings039@platform.example.com
,CAMP-2020-02-000261,Holiday Least Campaign,Performance,Organic,Google,email,FRA,Europe,2020-02-15,2020-03-09,289715.29,161025.42,EUR,52343,4154,383,2020-02-15 18:58:52,micheal.chen050@dataops.example.com
,CAMP-2020-02-000262,Holiday Should Campaign,Seasonal,Email,CRM,referral,DEU,Europe,2020-02-03,2020-02-26,379088.5,384353.17,EUR,128152,1387,195,2020-02-03 21:33:05,ashley.marks069@commerce.example.com
,CAMP-2020-02-000263,Winter Republican Campaign,Seasonal,Meta,TikTok,organic,NLD,Europe,2020-02-15,2020-02-19,155933.34,123757.04,EUR,146755,8484,855,2020-02-15 09:20:12,michelle.bender024@analytics.example.com
,CAMP-2020-02-000264,Growth Born Campaign,Seasonal,TikTok,Google,affiliate,CAN,North America,2020-02-15,2020-02-26,376631.66,263583.23,CAD,37289,2542,198,2020-02-15 04:24:36,jeffery.miller012@commerce.example.com
,CAMP-2020-02-000265,Growth Writer Campaign,Flash Sale,Email,Google,cpc,BRA,South America,2020-02-03,2020-02-20,477827.39,229677.28,BRL,89389,3357,274,2020-02-03 17:27:41,lance.williams029@platform.example.com
,CAMP-2020-02-000266,Summer First Campaign,Seasonal,TikTok,CRM,direct,FRA,Europe,2020-02-03,2020-02-13,47572.69,25776.07,EUR,86457,5230,516,2020-02-03 21:31:27,lance.williams029@platform.example.com
,CAMP-2020-02-000267,Back-to-School Challenge Campaign,Flash Sale,Organic,CRM,organic,NLD,Europe,2020-02-14,2020-02-26,259924.01,168365.76,EUR,15853,166,4,2020-02-14 17:55:45,micheal.hall064@dataops.example.com
,CAMP-2020-02-000268,Winter Act Campaign,Retention,Organic,Partner,cpc,ESP,Europe,2020-02-06,2020-02-26,33106.69,18767.51,EUR,214680,3581,551,2020-02-06 14:49:13,stephen.clark001@analytics.example.com
,CAMP-2020-02-000269,Holiday Test Campaign,Brand,Affiliate,Google,affiliate,GBR,Europe,2020-02-16,2020-03-21,260312.11,138929.29,GBP,359265,21029,1078,2020-02-16 07:05:12,victor.palmer071@platform.example.com
,CAMP-2020-02-000270,Growth Information Campaign,Launch,Email,Google,affiliate,MEX,North America,2020-02-08,2020-03-04,242933.43,112357.43,MXN,42783,835,96,2020-02-08 10:55:57,david.cabrera119@dataops.example.com
,CAMP-2020-02-000271,Back-to-School Use Campaign,Performance,TikTok,CRM,direct,BRA,South America,2020-02-27,2020-03-16,234700.75,233717.29,BRL,73194,4903,53,2020-02-27 06:49:04,lance.williams029@platform.example.com
,CAMP-2020-02-000272,Growth Mother Campaign,Retention,Google Ads,Meta,referral,CAN,North America,2020-02-08,2020-03-10,314977.1,177571.11,CAD,255505,8081,1260,2020-02-08 02:48:02,maria.ashley046@analytics.example.com
,CAMP-2020-02-000273,Summer Effort Campaign,Retention,Email,Partner,email,MEX,North America,2020-02-07,2020-03-10,321641.37,194986.89,MXN,50346,905,83,2020-02-07 04:17:26,ashley.marks069@commerce.example.com
,CAMP-2020-02-000274,Holiday Note Campaign,Launch,Google Ads,CRM,organic,NLD,Europe,2020-02-21,2020-03-22,264172.92,258999.92,EUR,92838,5366,831,2020-02-21 20:17:16,michael.johnson061@platform.example.com
,CAMP-2020-02-000275,Back-to-School Interview Campaign,Brand,Affiliate,Partner,email,BRA,South America,2020-02-13,2020-03-15,195951.58,118565.31,BRL,52292,1730,293,2020-02-13 07:04:42,jeffery.miller012@commerce.example.com
,CAMP-2020-02-000276,Winter Source Campaign,Retention,Email,Google,cpc,AUS,Oceania,2020-02-20,2020-03-01,127805.2,59432.24,AUD,96595,5059,482,2020-02-20 20:24:23,jennifer.hudson020@analytics.example.com
,CAMP-2020-02-000277,Growth Husband Campaign,Seasonal,Google Ads,Meta,affiliate,MEX,North America,2020-02-22,2020-03-02,205858.97,200965.4,MXN,120232,6255,569,2020-02-22 01:32:08,david.cabrera119@dataops.example.com
,CAMP-2020-02-000278,Holiday Weight Campaign,Seasonal,Organic,Partner,email,ARE,Asia,2020-02-17,2020-02-22,3978.62,1702.96,AED,168843,11281,1272,2020-02-17 17:56:11,taylor.cunningham023@commerce.example.com
,CAMP-2020-02-000279,Growth Throw Campaign,Launch,Display,Meta,cpc,MEX,North America,2020-02-09,2020-02-22,2531.49,1946.16,MXN,119586,6949,760,2020-02-09 17:09:01,micheal.chen050@dataops.example.com
,CAMP-2020-02-000280,Holiday Evidence Campaign,Retention,Meta,Partner,social,IND,Asia,2020-02-23,2020-03-15,244805.39,101335.08,INR,138492,3718,395,2020-02-23 16:42:00,michelle.sims041@analytics.example.com
,CAMP-2020-02-000281,Growth General Campaign,Performance,Meta,Google,social,MEX,North America,2020-02-27,2020-03-02,346822.6,276575.98,MXN,55499,4373,422,2020-02-27 13:50:16,joseph.johnson049@dataops.example.com
,CAMP-2020-02-000282,Winter Against Campaign,Launch,Organic,Partner,email,SGP,Asia,2020-02-14,2020-02-29,445321.9,446397.84,SGD,77117,5734,880,2020-02-14 02:14:52,ryan.steele043@commerce.example.com
,CAMP-2020-02-000283,Growth Responsibility Campaign,Performance,Display,TikTok,referral,NLD,Europe,2020-02-23,2020-03-07,375301.98,257599.76,EUR,392260,27839,2254,2020-02-23 04:56:13,adam.gordon030@commerce.example.com
,CAMP-2020-02-000284,Growth Pretty Campaign,Seasonal,TikTok,Google,affiliate,ARE,Asia,2020-02-02,2020-03-02,173842.18,80122.02,AED,40395,2591,160,2020-02-02 16:47:45,taylor.cunningham023@commerce.example.com
,CAMP-2020-02-000285,Growth Base Campaign,Brand,Email,Google,cpc,ITA,Europe,2020-02-13,2020-02-22,489140.4,363628.53,EUR,90881,6586,68,2020-02-13 04:52:57,maria.ashley046@analytics.example.com
,CAMP-2020-02-000286,Holiday Morning Campaign,Retention,Meta,Partner,affiliate,GBR,Europe,2020-02-19,2020-03-12,25950.1,13934.21,GBP,15047,1152,43,2020-02-19 03:22:36,joseph.johnson049@dataops.example.com
,CAMP-2020-02-000287,Back-to-School Budget Campaign,Retention,Meta,CRM,organic,FRA,Europe,2020-02-12,2020-02-23,485776.46,302791.85,EUR,39240,2671,213,2020-02-12 21:08:32,brandi.carter038@dataops.example.com
,CAMP-2020-02-000288,Summer Need Campaign,Performance,TikTok,CRM,cpc,ESP,Europe,2020-02-02,2020-02-19,415971.91,205880.8,EUR,47745,910,23,2020-02-02 19:02:56,jeffery.miller012@commerce.example.com
,CAMP-2020-02-000289,Summer Name Campaign,Performance,Google Ads,Partner,email,DEU,Europe,2020-02-19,2020-02-28,29027.13,26649.69,EUR,63067,1430,129,2020-02-19 12:10:19,joseph.johnson049@dataops.example.com
,CAMP-2020-02-000290,Winter For Campaign,Seasonal,Google Ads,TikTok,direct,BRA,South America,2020-02-27,2020-03-02,203428.26,129752.29,BRL,70735,2327,268,2020-02-27 05:30:05,jennifer.hudson020@analytics.example.com
,CAMP-2020-02-000291,Summer Fish Campaign,Performance,Display,CRM,referral,DEU,Europe,2020-02-29,2020-03-31,46036.31,21600.61,EUR,87893,1148,91,2020-02-29 04:16:44,maria.ashley046@analytics.example.com
,CAMP-2020-02-000292,Winter Than Campaign,Seasonal,Display,TikTok,email,ITA,Europe,2020-02-14,2020-03-07,235141.64,152210.52,EUR,39813,1144,156,2020-02-14 15:56:40,micheal.chen050@dataops.example.com
,CAMP-2020-02-000293,Member Possible Campaign,Seasonal,Email,TikTok,social,DEU,Europe,2020-02-17,2020-03-20,161514.67,125534.2,EUR,45120,1633,161,2020-02-17 06:50:50,patrick.gonzalez035@dataops.example.com
,CAMP-2020-02-000294,Summer Own Campaign,Brand,Google Ads,Partner,social,FRA,Europe,2020-02-28,2020-03-22,110998.41,49566.42,EUR,87729,2032,137,2020-02-28 05:42:33,maria.ashley046@analytics.example.com
,CAMP-2020-02-000295,Summer Reduce Campaign,Flash Sale,TikTok,Meta,referral,CAN,North America,2020-02-18,2020-03-13,45945.25,23700.67,CAD,254557,8687,1515,2020-02-18 14:07:08,ryan.steele043@commerce.example.com
,CAMP-2020-02-000296,Holiday Early Campaign,Performance,Display,CRM,referral,MEX,North America,2020-02-01,2020-02-14,460591.4,186368.26,MXN,71318,4310,293,2020-02-01 03:35:08,ashley.marks069@commerce.example.com
,CAMP-2020-02-000297,Back-to-School Down Campaign,Performance,Email,TikTok,affiliate,FRA,Europe,2020-02-21,2020-02-26,413834.32,301321.79,EUR,55025,1138,21,2020-02-21 08:23:34,taylor.cunningham023@commerce.example.com
,CAMP-2020-02-000298,Member Manager Campaign,Performance,Display,Partner,affiliate,IND,Asia,2020-02-15,2020-03-07,263725.43,169353.75,INR,43960,591,61,2020-02-15 10:15:56,jeffery.miller012@commerce.example.com
,CAMP-2020-02-000299,Growth Plan Campaign,Launch,Affiliate,Partner,cpc,ARE,Asia,2020-02-03,2020-02-07,179296.01,151517.62,AED,76234,1788,248,2020-02-03 16:26:24,peter.martinez098@platform.example.com
,CAMP-2020-02-000300,Winter Age Campaign,Flash Sale,Email,Meta,affiliate,ITA,Europe,2020-02-29,2020-03-07,258197.64,158114.84,EUR,190226,2857,488,2020-02-29 18:12:51,john.mullins109@commerce.example.com
,CAMP-2020-02-000301,Winter Executive Campaign,Flash Sale,Google Ads,TikTok,social,AUS,Oceania,2020-02-20,2020-02-27,479121.34,340448.45,AUD,21420,923,21,2020-02-20 00:42:13,micheal.chen050@dataops.example.com
,CAMP-2020-02-000302,Holiday Bit Campaign,Flash Sale,Meta,TikTok,organic,MEX,North America,2020-02-17,2020-03-03,334650.09,332670.0,MXN,177901,4447,46,2020-02-17 09:20:21,susan.rice083@commerce.example.com
,CAMP-2020-02-000303,Summer Consider Campaign,Retention,Organic,Partner,direct,DEU,Europe,2020-02-01,2020-03-04,11095.11,8021.35,EUR,94306,1640,103,2020-02-01 06:55:20,ashley.marks069@commerce.example.com
,CAMP-2020-02-000304,Growth Well Campaign,Retention,Google Ads,Partner,direct,BRA,South America,2020-02-17,2020-03-21,147107.16,57392.77,BRL,75170,1225,166,2020-02-17 03:48:00,michael.johnson061@platform.example.com
,CAMP-2020-02-000305,Winter Case Campaign,Brand,Email,CRM,social,CAN,North America,2020-02-17,2020-02-28,276843.25,89747.67,CAD,42846,2578,139,2020-02-17 12:39:37,patrick.gonzalez035@dataops.example.com
,CAMP-2020-02-000306,Back-to-School Guess Campaign,Performance,Email,Meta,cpc,IND,Asia,2020-02-18,2020-02-28,136662.97,62545.87,INR,79761,4307,615,2020-02-18 16:25:08,michael.johnson061@platform.example.com
,CAMP-2020-02-000307,Member Side Campaign,Performance,Meta,TikTok,direct,SGP,Asia,2020-02-18,2020-03-17,204424.46,109640.83,SGD,97204,2982,218,2020-02-18 07:07:20,michael.berger060@platform.example.com
,CAMP-2020-02-000308,Winter Value Campaign,Launch,Google Ads,Google,cpc,JPN,Asia,2020-02-12,2020-03-18,397651.16,161646.76,JPY,108944,4409,538,2020-02-12 22:08:30,victor.palmer071@platform.example.com
,CAMP-2020-02-000309,Holiday Risk Campaign,Retention,TikTok,CRM,direct,ITA,Europe,2020-02-28,2020-03-11,350264.74,163792.63,EUR,330504,10466,584,2020-02-28 12:43:00,james.proctor094@dataops.example.com
,CAMP-2020-02-000310,Summer Father Campaign,Flash Sale,Affiliate,Google,affiliate,ITA,Europe,2020-02-09,2020-03-05,254911.99,87501.58,EUR,33589,475,73,2020-02-09 05:48:03,brandi.carter038@dataops.example.com
,CAMP-2020-02-000311,Summer Ahead Campaign,Retention,Email,Google,email,DEU,Europe,2020-02-26,2020-03-31,40097.88,35114.87,EUR,102007,4971,389,2020-02-26 13:06:05,michelle.sims041@analytics.example.com
,CAMP-2020-02-000312,Holiday Past Campaign,Flash Sale,Meta,CRM,social,SGP,Asia,2020-02-09,2020-03-01,408406.69,328244.56,SGD,242419,4228,705,2020-02-09 12:46:00,ryan.steele043@commerce.example.com
,CAMP-2020-02-000313,Holiday Role Campaign,Seasonal,Email,CRM,affiliate,AUS,Oceania,2020-02-12,2020-03-01,124350.03,45402.43,AUD,80944,4233,409,2020-02-12 10:38:13,michael.berger060@platform.example.com
,CAMP-2020-02-000314,Holiday Bad Campaign,Seasonal,Meta,CRM,direct,ARE,Asia,2020-02-02,2020-02-20,310201.31,272984.86,AED,9152,461,15,2020-02-02 08:28:25,brandi.carter038@dataops.example.com
,CAMP-2020-02-000315,Back-to-School Shoulder Campaign,Performance,Email,Meta,social,JPN,Asia,2020-02-01,2020-02-13,153995.12,110831.8,JPY,291480,2947,49,2020-02-01 21:03:05,ashley.marks069@commerce.example.com
,CAMP-2020-02-000316,Summer Protect Campaign,Launch,Organic,Google,referral,NLD,Europe,2020-02-22,2020-03-13,423539.87,298952.42,EUR,101747,2601,344,2020-02-22 18:22:18,micheal.chen050@dataops.example.com
,CAMP-2020-02-000317,Summer Some Campaign,Performance,Email,TikTok,cpc,USA,North America,2020-02-20,2020-03-16,349886.64,344331.01,USD,160912,4665,418,2020-02-20 11:36:30,brandi.carter038@dataops.example.com
,CAMP-2020-02-000318,Growth Raise Campaign,Seasonal,Meta,Partner,direct,SGP,Asia,2020-02-21,2020-03-08,86856.69,33350.7,SGD,478892,30985,1753,2020-02-21 12:57:18,michael.berger060@platform.example.com
,CAMP-2020-02-000319,Winter Girl Campaign,Flash Sale,TikTok,CRM,cpc,ITA,Europe,2020-02-06,2020-03-04,194529.57,69765.22,EUR,319667,8465,402,2020-02-06 03:41:29,jennifer.hudson020@analytics.example.com
,CAMP-2020-02-000320,Holiday Above Campaign,Performance,TikTok,CRM,affiliate,IND,Asia,2020-02-18,2020-03-02,171338.46,149405.41,INR,194955,14809,803,2020-02-18 03:07:46,adam.gordon030@commerce.example.com
,CAMP-2020-02-000321,Summer Sort Campaign,Performance,Google Ads,Partner,social,MEX,North America,2020-02-07,2020-03-05,301058.5,302071.14,MXN,141210,1729,199,2020-02-07 11:26:05,john.mullins109@commerce.example.com
,CAMP-2020-02-000322,Growth Travel Campaign,Performance,TikTok,Partner,social,CAN,North America,2020-02-07,2020-02-28,65882.05,42621.1,CAD,107090,4406,164,2020-02-07 09:29:34,megan.cunningham013@commerce.example.com
,CAMP-2020-02-000323,Holiday Begin Campaign,Brand,Organic,TikTok,cpc,JPN,Asia,2020-02-16,2020-02-29,216305.41,75934.21,JPY,247153,9080,90,2020-02-16 04:48:25,john.mullins109@commerce.example.com
,CAMP-2020-02-000324,Summer Along Campaign,Retention,Google Ads,TikTok,organic,CAN,North America,2020-02-27,2020-03-29,19582.39,9242.87,CAD,148781,3965,657,2020-02-27 02:27:02,micheal.hall064@dataops.example.com
,CAMP-2020-02-000325,Summer Play Campaign,Brand,Organic,Google,email,ARE,Asia,2020-02-28,2020-03-10,348817.1,175645.88,AED,130622,6405,285,2020-02-28 07:54:29,eric.horton058@analytics.example.com
,CAMP-2020-02-000326,Back-to-School Different Campaign,Seasonal,TikTok,CRM,affiliate,GBR,Europe,2020-02-29,2020-03-11,143804.59,89461.92,GBP,96685,6922,763,2020-02-29 03:12:32,tina.williams074@commerce.example.com
,CAMP-2020-02-000327,Member Consumer Campaign,Performance,TikTok,Partner,affiliate,IND,Asia,2020-02-18,2020-02-23,252951.98,194881.16,INR,81910,2015,275,2020-02-18 21:04:28,john.mullins109@commerce.example.com
,CAMP-2020-02-000328,Holiday Ten Campaign,Seasonal,Affiliate,Meta,organic,NLD,Europe,2020-02-26,2020-03-17,10848.15,10733.45,EUR,69733,2332,215,2020-02-26 06:14:27,maria.ashley046@analytics.example.com
,CAMP-2020-02-000329,Back-to-School Star Campaign,Flash Sale,Display,TikTok,organic,AUS,Oceania,2020-02-09,2020-02-26,40331.14,16087.46,AUD,118457,4279,740,2020-02-09 20:24:23,victor.palmer071@platform.example.com
,CAMP-2020-02-000330,Holiday Act Campaign,Flash Sale,Affiliate,CRM,affiliate,GBR,Europe,2020-02-27,2020-03-21,178052.54,122175.43,GBP,250464,16437,1337,2020-02-27 17:03:10,brandi.carter038@dataops.example.com
,CAMP-2020-02-000331,Member Box Campaign,Performance,Affiliate,Meta,cpc,MEX,North America,2020-02-17,2020-02-28,429418.22,185992.55,MXN,109310,5752,657,2020-02-17 16:33:33,lance.williams029@platform.example.com
,CAMP-2020-02-000332,Summer Question Campaign,Flash Sale,Meta,TikTok,direct,IND,Asia,2020-02-04,2020-02-17,438150.29,431552.26,INR,26462,597,99,2020-02-04 02:06:19,ashley.marks069@commerce.example.com
,CAMP-2020-02-000333,Summer Sometimes Campaign,Brand,Display,TikTok,social,FRA,Europe,2020-02-23,2020-03-11,236172.91,169137.19,EUR,309986,15708,2624,2020-02-23 18:50:36,michael.berger060@platform.example.com
,CAMP-2020-02-000334,Growth Black Campaign,Seasonal,Email,Meta,organic,CAN,North America,2020-02-06,2020-02-27,435265.74,321338.86,CAD,45302,1097,71,2020-02-06 20:55:11,maria.ashley046@analytics.example.com
,CAMP-2020-02-000335,Back-to-School May Campaign,Retention,Organic,CRM,organic,ESP,Europe,2020-02-12,2020-02-16,192458.6,100342.42,EUR,29185,949,33,2020-02-12 08:12:04,michelle.bender024@analytics.example.com
,CAMP-2020-02-000336,Member Career Campaign,Launch,Affiliate,Meta,direct,CAN,North America,2020-02-01,2020-02-27,480499.66,460901.77,CAD,71620,2926,478,2020-02-01 10:42:33,james.proctor094@dataops.example.com
,CAMP-2020-02-000337,Back-to-School But Campaign,Performance,Google Ads,CRM,organic,JPN,Asia,2020-02-10,2020-03-01,325922.64,227065.98,JPY,43090,1772,111,2020-02-10 18:17:38,joseph.johnson049@dataops.example.com
,CAMP-2020-02-000338,Winter Since Campaign,Retention,Affiliate,Google,direct,ESP,Europe,2020-02-26,2020-03-16,376801.0,367995.49,EUR,127594,9703,550,2020-02-26 14:59:38,victor.palmer071@platform.example.com
,CAMP-2020-02-000339,Member World Campaign,Flash Sale,Display,Partner,referral,ITA,Europe,2020-02-11,2020-03-14,195397.49,179811.6,EUR,45756,3430,461,2020-02-11 23:32:31,stephen.clark001@analytics.example.com
,CAMP-2020-02-000340,Holiday Cultural Campaign,Brand,Google Ads,Partner,organic,USA,North America,2020-02-24,2020-03-07,454587.66,275295.82,USD,13802,823,84,2020-02-24 13:54:54,kelsey.taylor010@platform.example.com
,CAMP-2020-02-000341,Back-to-School Usually Campaign,Performance,Organic,Meta,direct,USA,North America,2020-02-10,2020-03-14,461234.11,288886.81,USD,77139,3956,80,2020-02-10 15:10:30,jennifer.bauer068@analytics.example.com
,CAMP-2020-02-000342,Growth Task Campaign,Launch,Google Ads,Partner,social,JPN,Asia,2020-02-28,2020-03-29,288168.58,166742.56,JPY,275631,14774,1991,2020-02-28 15:15:06,adam.gordon030@commerce.example.com
,CAMP-2020-02-000343,Summer Those Campaign,Launch,Email,CRM,email,JPN,Asia,2020-02-25,2020-03-25,249207.68,205447.23,JPY,183222,14506,1353,2020-02-25 23:36:08,jennifer.hudson020@analytics.example.com
,CAMP-2020-02-000344,Member Pass Campaign,Performance,Affiliate,Partner,affiliate,AUS,Oceania,2020-02-16,2020-02-19,105683.23,70515.13,AUD,28466,444,38,2020-02-16 06:57:40,ashley.marks069@commerce.example.com
,CAMP-2020-02-000345,Summer Even Campaign,Brand,TikTok,TikTok,affiliate,SGP,Asia,2020-02-15,2020-03-10,472331.23,169044.72,SGD,32818,1525,225,2020-02-15 07:35:00,michelle.sims041@analytics.example.com
,CAMP-2020-02-000346,Member Open Campaign,Launch,Display,Google,referral,BRA,South America,2020-02-21,2020-03-05,246238.8,217080.66,BRL,784094,17898,1985,2020-02-21 00:51:00,jennifer.hudson020@analytics.example.com
,CAMP-2020-02-000347,Summer Range Campaign,Flash Sale,Affiliate,Meta,affiliate,DEU,Europe,2020-02-08,2020-02-13,432678.14,402346.07,EUR,40836,3064,494,2020-02-08 21:33:32,joseph.johnson049@dataops.example.com
,CAMP-2020-02-000348,Back-to-School Name Campaign,Retention,Google Ads,Meta,email,SGP,Asia,2020-02-22,2020-03-18,318677.86,273010.71,SGD,68245,4121,155,2020-02-22 14:35:20,adam.gordon030@commerce.example.com
,CAMP-2020-02-000349,Winter Position Campaign,Seasonal,TikTok,Google,social,AUS,Oceania,2020-02-21,2020-02-26,87057.09,52355.39,AUD,36770,1879,227,2020-02-21 04:30:59,maria.ashley046@analytics.example.com
,CAMP-2020-02-000350,Growth Ready Campaign,Seasonal,Affiliate,TikTok,email,ITA,Europe,2020-02-16,2020-03-19,319961.08,220980.01,EUR,165168,4314,694,2020-02-16 11:45:07,ryan.steele043@commerce.example.com
,CAMP-2020-02-000351,Back-to-School Chance Campaign,Performance,Organic,TikTok,cpc,FRA,Europe,2020-02-03,2020-03-02,361573.42,125992.83,EUR,704637,12055,694,2020-02-03 05:00:08,jennifer.bauer068@analytics.example.com
,CAMP-2020-02-000352,Growth Real Campaign,Flash Sale,Email,Partner,direct,ARE,Asia,2020-02-10,2020-02-17,116286.38,102275.4,AED,186685,12956,1022,2020-02-10 07:52:52,maria.ashley046@analytics.example.com
,CAMP-2020-02-000353,Winter Likely Campaign,Launch,Display,TikTok,organic,NLD,Europe,2020-02-25,2020-03-16,6513.01,1987.2,EUR,101788,7621,247,2020-02-25 20:24:49,lance.williams029@platform.example.com
,CAMP-2020-02-000354,Holiday Area Campaign,Brand,Organic,CRM,direct,JPN,Asia,2020-02-14,2020-02-25,267769.74,85510.5,JPY,16285,629,15,2020-02-14 23:04:55,michael.johnson061@platform.example.com
,CAMP-2020-02-000355,Growth Image Campaign,Retention,Google Ads,Google,direct,ITA,Europe,2020-02-10,2020-03-02,386348.33,137413.04,EUR,152558,9632,756,2020-02-10 17:19:21,taylor.cunningham023@commerce.example.com
,CAMP-2020-02-000356,Holiday Team Campaign,Flash Sale,Affiliate,Partner,affiliate,CAN,North America,2020-02-01,2020-02-13,463324.77,401479.7,CAD,42692,965,62,2020-02-01 13:03:12,peter.martinez098@platform.example.com
,CAMP-2020-02-000357,Growth Week Campaign,Retention,Google Ads,Partner,referral,ESP,Europe,2020-02-16,2020-02-19,327003.04,139833.59,EUR,15098,601,6,2020-02-16 13:24:05,stephen.daniels076@commerce.example.com
,CAMP-2020-02-000358,Summer Discover Campaign,Launch,Google Ads,Meta,referral,DEU,Europe,2020-02-09,2020-02-14,380288.87,273584.89,EUR,95794,6238,641,2020-02-09 11:06:44,maria.ashley046@analytics.example.com
,CAMP-2020-02-000359,Holiday Player Campaign,Flash Sale,Display,Partner,affiliate,JPN,Asia,2020-02-03,2020-02-13,285384.72,184189.42,JPY,443698,5861,435,2020-02-03 15:03:16,micheal.chen050@dataops.example.com
,CAMP-2020-02-000360,Back-to-School Against Campaign,Seasonal,Affiliate,Google,referral,USA,North America,2020-02-13,2020-02-27,44065.34,43838.07,USD,50056,1423,234,2020-02-13 00:00:00,adam.gordon030@commerce.example.com
,CAMP-2020-02-000361,Winter Might Campaign,Performance,Meta,TikTok,email,FRA,Europe,2020-02-11,2020-02-17,376904.08,330310.95,EUR,155269,2232,307,2020-02-11 03:42:46,stephen.clark001@analytics.example.com
,CAMP-2020-02-000362,Holiday Similar Campaign,Flash Sale,Google Ads,Meta,email,MEX,North America,2020-02-23,2020-03-15,359885.92,192637.86,MXN,908214,51903,6900,2020-02-23 01:45:18,andrea.cummings039@platform.example.com
,CAMP-2020-02-000363,Holiday Foot Campaign,Retention,Affiliate,CRM,referral,FRA,Europe,2020-02-08,2020-02-18,289320.71,173575.38,EUR,26319,1393,49,2020-02-08 15:20:29,andrea.cummings039@platform.example.com
,CAMP-2020-02-000364,Winter That Campaign,Retention,Email,Meta,referral,JPN,Asia,2020-02-17,2020-03-20,488747.98,318908.49,JPY,75893,2248,250,2020-02-17 10:05:23,jeffery.miller012@commerce.example.com
,CAMP-2020-02-000365,Summer Recognize Campaign,Launch,TikTok,Google,referral,CAN,North America,2020-02-05,2020-02-24,51560.41,33187.92,CAD,381899,19594,443,2020-02-05 14:02:08,joseph.johnson049@dataops.example.com
,CAMP-2020-02-000366,Summer Sport Campaign,Flash Sale,Affiliate,Google,affiliate,BRA,South America,2020-02-16,2020-03-22,158895.03,155416.63,BRL,145872,6510,964,2020-02-16 20:27:46,maria.ashley046@analytics.example.com
,CAMP-2020-02-000367,Back-to-School Smile Campaign,Seasonal,Display,Google,organic,CAN,North America,2020-02-03,2020-02-20,273491.93,147334.27,CAD,19539,590,59,2020-02-03 02:09:52,james.proctor094@dataops.example.com
,CAMP-2020-02-000368,Member Bring Campaign,Retention,Affiliate,TikTok,organic,NLD,Europe,2020-02-16,2020-02-25,306112.12,110808.04,EUR,298926,8421,419,2020-02-16 16:47:31,david.cabrera119@dataops.example.com
,CAMP-2020-02-000369,Summer Tax Campaign,Launch,Email,TikTok,cpc,DEU,Europe,2020-02-16,2020-02-29,405766.3,153684.65,EUR,547570,20530,381,2020-02-16 14:20:27,joseph.johnson049@dataops.example.com
,CAMP-2020-02-000370,Summer Upon Campaign,Retention,Display,Partner,cpc,NLD,Europe,2020-02-20,2020-03-07,360061.82,111078.53,EUR,108343,5047,616,2020-02-20 17:20:16,jeffery.miller012@commerce.example.com
,CAMP-2020-02-000371,Member Any Campaign,Flash Sale,Meta,TikTok,social,FRA,Europe,2020-02-25,2020-03-08,192762.44,131315.8,EUR,279294,13450,431,2020-02-25 22:13:08,patrick.gonzalez035@dataops.example.com
,CAMP-2020-02-000372,Holiday Speech Campaign,Flash Sale,Display,Google,affiliate,AUS,Oceania,2020-02-16,2020-03-01,96560.81,53371.47,AUD,32015,2003,242,2020-02-16 09:13:03,joseph.johnson049@dataops.example.com
,CAMP-2020-02-000373,Growth Say Campaign,Performance,Google Ads,TikTok,affiliate,ITA,Europe,2020-02-14,2020-02-20,405726.95,367627.19,EUR,52055,1092,179,2020-02-14 00:48:08,jeffery.miller012@commerce.example.com
,CAMP-2020-02-000374,Summer Expert Campaign,Performance,Meta,Partner,cpc,JPN,Asia,2020-02-09,2020-02-27,51055.84,32638.45,JPY,206823,2937,306,2020-02-09 13:58:04,ryan.steele043@commerce.example.com
,CAMP-2020-02-000375,Holiday Should Campaign,Performance,Google Ads,TikTok,referral,CAN,North America,2020-02-18,2020-03-01,108734.07,97651.05,CAD,83927,6447,551,2020-02-18 02:54:40,kelsey.taylor010@platform.example.com
,CAMP-2020-02-000376,Member Over Campaign,Flash Sale,Display,CRM,organic,FRA,Europe,2020-02-27,2020-03-31,200134.14,170416.73,EUR,793472,8791,1574,2020-02-27 19:10:18,tina.williams074@commerce.example.com
,CAMP-2020-02-000377,Member Message Campaign,Retention,Organic,CRM,affiliate,ARE,Asia,2020-02-04,2020-03-10,268624.47,106235.29,AED,144583,5347,415,2020-02-04 17:20:02,michael.berger060@platform.example.com
,CAMP-2020-02-000378,Winter List Campaign,Retention,Google Ads,TikTok,email,GBR,Europe,2020-02-26,2020-03-27,364911.61,299184.93,GBP,62453,2530,144,2020-02-26 16:52:30,megan.cunningham013@commerce.example.com
,CAMP-2020-02-000379,Summer Suggest Campaign,Launch,Google Ads,CRM,affiliate,CAN,North America,2020-02-27,2020-03-13,109585.92,104903.73,CAD,75276,1331,96,2020-02-27 12:27:44,john.mullins109@commerce.example.com
,CAMP-2020-02-000380,Back-to-School Clear Campaign,Brand,Meta,Google,affiliate,ARE,Asia,2020-02-23,2020-03-29,146944.1,134834.32,AED,42420,2098,259,2020-02-23 05:42:14,maria.ashley046@analytics.example.com
,CAMP-2020-02-000381,Growth Community Campaign,Launch,Organic,TikTok,affiliate,DEU,Europe,2020-02-29,2020-04-02,244022.37,248394.66,EUR,38511,2524,183,2020-02-29 11:54:44,ashley.marks069@commerce.example.com
,CAMP-2020-02-000382,Member Range Campaign,Seasonal,Google Ads,Partner,referral,ARE,Asia,2020-02-01,2020-02-16,336725.92,302255.41,AED,41014,2557,191,2020-02-01 10:40:32,adam.gordon030@commerce.example.com
,CAMP-2020-02-000383,Back-to-School Write Campaign,Flash Sale,TikTok,Google,organic,AUS,Oceania,2020-02-08,2020-02-29,492001.52,445178.27,AUD,41045,2611,138,2020-02-08 05:36:26,micheal.chen050@dataops.example.com
,CAMP-2020-02-000384,Growth Less Campaign,Performance,Affiliate,Google,referral,CAN,North America,2020-02-09,2020-02-14,182052.51,132537.68,CAD,38077,2499,346,2020-02-09 02:16:48,stephen.clark001@analytics.example.com
,CAMP-2020-02-000385,Holiday Responsibility Campaign,Brand,Organic,Partner,cpc,DEU,Europe,2020-02-06,2020-02-09,455359.32,210151.87,EUR,152830,5801,687,2020-02-06 12:20:44,lance.williams029@platform.example.com
,CAMP-2020-02-000386,Back-to-School Great Campaign,Flash Sale,Meta,Partner,organic,CAN,North America,2020-02-11,2020-03-04,213300.59,125370.58,CAD,17450,956,161,2020-02-11 20:09:52,michelle.sims041@analytics.example.com
,CAMP-2020-02-000387,Growth Thought Campaign,Retention,Affiliate,TikTok,affiliate,GBR,Europe,2020-02-13,2020-03-18,150003.88,54400.9,GBP,13722,699,44,2020-02-13 07:59:12,ryan.steele043@commerce.example.com
,CAMP-2020-02-000388,Holiday Wind Campaign,Retention,Affiliate,Meta,cpc,IND,Asia,2020-02-10,2020-03-04,319139.96,130824.84,INR,138241,2758,258,2020-02-10 10:37:32,taylor.cunningham023@commerce.example.com
,CAMP-2020-02-000389,Back-to-School Music Campaign,Flash Sale,Email,Partner,email,USA,North America,2020-02-11,2020-02-28,300930.25,300887.77,USD,70246,3764,115,2020-02-11 08:59:51,stephen.clark001@analytics.example.com
,CAMP-2020-02-000390,Holiday Us Campaign,Launch,Organic,Google,email,USA,North America,2020-02-11,2020-03-02,270055.72,265849.77,USD,154531,2658,296,2020-02-11 10:08:51,stephen.daniels076@commerce.example.com
,CAMP-2020-02-000391,Growth Them Campaign,Launch,Meta,Google,cpc,NLD,Europe,2020-02-14,2020-03-19,412051.48,280310.59,EUR,231249,11254,857,2020-02-14 18:46:35,stephen.daniels076@commerce.example.com
,CAMP-2020-02-000392,Growth Everyone Campaign,Seasonal,Google Ads,TikTok,organic,SGP,Asia,2020-02-13,2020-03-07,395796.66,271446.87,SGD,25171,1415,157,2020-02-13 11:08:53,micheal.chen050@dataops.example.com
,CAMP-2020-02-000393,Member South Campaign,Performance,Google Ads,CRM,organic,DEU,Europe,2020-02-06,2020-02-11,474982.72,386955.41,EUR,222845,4235,470,2020-02-06 09:26:24,david.cabrera119@dataops.example.com
,CAMP-2020-02-000394,Winter Ball Campaign,Flash Sale,Organic,Meta,cpc,CAN,North America,2020-02-11,2020-02-18,115805.71,99804.82,CAD,215352,4216,456,2020-02-11 01:46:03,brandi.carter038@dataops.example.com
,CAMP-2020-02-000395,Winter Century Campaign,Performance,Affiliate,TikTok,organic,IND,Asia,2020-02-13,2020-02-20,314096.21,165123.14,INR,127912,4774,528,2020-02-13 21:48:33,ryan.steele043@commerce.example.com
,CAMP-2020-02-000396,Holiday Management Campaign,Flash Sale,Affiliate,TikTok,referral,CAN,North America,2020-02-09,2020-02-21,178397.07,79675.52,CAD,95052,6234,894,2020-02-09 22:17:36,jeffery.miller012@commerce.example.com
,CAMP-2020-02-000397,Member Herself Campaign,Performance,Meta,Meta,direct,MEX,North America,2020-02-14,2020-03-15,51098.37,28198.39,MXN,62300,3702,560,2020-02-14 15:27:14,david.cabrera119@dataops.example.com
,CAMP-2020-02-000398,Winter Choice Campaign,Retention,Email,TikTok,affiliate,BRA,South America,2020-02-19,2020-03-22,192838.21,146306.53,BRL,443001,23434,1831,2020-02-19 13:44:29,lance.williams029@platform.example.com
,CAMP-2020-02-000399,Holiday Study Campaign,Launch,Email,CRM,direct,MEX,North America,2020-02-16,2020-02-25,479437.28,154785.14,MXN,132661,8560,1267,2020-02-16 03:15:46,michelle.bender024@analytics.example.com
,CAMP-2020-02-000400,Holiday Government Campaign,Seasonal,Display,CRM,email,IND,Asia,2020-02-08,2020-02-14,272233.89,171102.35,INR,12956,561,56,2020-02-08 09:57:13,susan.rice083@commerce.example.com
,CAMP-2020-02-000401,Winter Star Campaign,Brand,Display,Meta,referral,AUS,Oceania,2020-02-04,2020-02-07,331400.22,135336.56,AUD,373739,6717,751,2020-02-04 07:39:27,stephen.daniels076@commerce.example.com
,CAMP-2020-02-000402,Member Population Campaign,Retention,Affiliate,Google,social,MEX,North America,2020-02-02,2020-02-11,268349.37,86815.71,MXN,96118,5648,786,2020-02-02 10:33:34,taylor.cunningham023@commerce.example.com
,CAMP-2020-02-000403,Summer Like Campaign,Retention,Email,TikTok,cpc,IND,Asia,2020-02-24,2020-02-29,461251.23,234484.29,INR,32803,1729,118,2020-02-24 05:33:52,michelle.bender024@analytics.example.com
,CAMP-2020-02-000404,Summer Check Campaign,Flash Sale,Affiliate,Partner,organic,GBR,Europe,2020-02-24,2020-03-23,323225.5,114514.21,GBP,121051,3823,277,2020-02-24 20:22:17,tina.williams074@commerce.example.com
,CAMP-2020-02-000405,Winter Benefit Campaign,Brand,Email,Partner,email,AUS,Oceania,2020-02-27,2020-03-03,232133.86,163905.74,AUD,611702,29055,4315,2020-02-27 11:29:02,jennifer.bauer068@analytics.example.com
,CAMP-2020-02-000406,Growth Hear Campaign,Flash Sale,Display,CRM,email,JPN,Asia,2020-02-25,2020-03-18,160561.47,99547.94,JPY,308285,16401,2091,2020-02-25 04:42:32,kelsey.taylor010@platform.example.com
,CAMP-2020-02-000407,Summer Explain Campaign,Brand,TikTok,Meta,organic,ITA,Europe,2020-02-11,2020-02-15,430666.33,246993.57,EUR,129990,3636,125,2020-02-11 03:34:28,michelle.sims041@analytics.example.com
,CAMP-2020-02-000408,Winter Near Campaign,Retention,TikTok,CRM,affiliate,JPN,Asia,2020-02-08,2020-03-10,331193.28,178983.95,JPY,65879,2903,313,2020-02-08 06:45:58,kelsey.taylor010@platform.example.com
,CAMP-2020-02-000409,Winter Agency Campaign,Brand,Email,Google,email,GBR,Europe,2020-02-01,2020-02-14,331124.19,280634.69,GBP,77886,1153,51,2020-02-01 17:25:02,michael.johnson061@platform.example.com
,CAMP-2020-02-000410,Holiday Financial Campaign,Launch,Google Ads,Google,organic,SGP,Asia,2020-02-28,2020-03-02,370670.05,223231.73,SGD,384286,16612,1317,2020-02-28 05:33:57,stephen.daniels076@commerce.example.com
,CAMP-2020-02-000411,Winter Onto Campaign,Performance,Affiliate,CRM,social,IND,Asia,2020-02-19,2020-03-04,358586.52,122751.04,INR,13558,358,46,2020-02-19 07:50:45,jennifer.hudson020@analytics.example.com
,CAMP-2020-02-000412,Holiday Coach Campaign,Brand,Organic,Meta,email,DEU,Europe,2020-02-06,2020-02-26,155690.75,123253.31,EUR,133637,4734,497,2020-02-06 13:18:37,tina.williams074@commerce.example.com
,CAMP-2020-02-000413,Winter Pay Campaign,Retention,Email,Google,social,ITA,Europe,2020-02-22,2020-03-22,315310.62,139844.73,EUR,51565,1015,158,2020-02-22 05:53:04,megan.cunningham013@commerce.example.com
,CAMP-2020-02-000414,Back-to-School Military Campaign,Retention,Display,Partner,direct,CAN,North America,2020-02-14,2020-02-22,468798.11,273280.69,CAD,60185,1100,87,2020-02-14 17:31:25,megan.cunningham013@commerce.example.com
,CAMP-2020-02-000415,Winter Head Campaign,Flash Sale,Organic,Google,organic,MEX,North America,2020-02-13,2020-02-22,18694.54,9157.38,MXN,61601,907,112,2020-02-13 14:07:36,michelle.bender024@analytics.example.com
,CAMP-2020-02-000416,Holiday Strong Campaign,Flash Sale,Organic,Partner,direct,IND,Asia,2020-02-23,2020-03-18,499988.26,415408.63,INR,228847,16174,1505,2020-02-23 21:14:01,taylor.cunningham023@commerce.example.com
,CAMP-2020-02-000417,Member Tree Campaign,Launch,Google Ads,CRM,social,DEU,Europe,2020-02-10,2020-02-25,34893.69,25672.04,EUR,444984,30449,4524,2020-02-10 13:38:22,eric.horton058@analytics.example.com
,CAMP-2020-02-000418,Growth Visit Campaign,Flash Sale,Meta,Meta,email,JPN,Asia,2020-02-27,2020-03-02,295266.72,91144.32,JPY,45073,972,48,2020-02-27 15:51:11,andrea.cummings039@platform.example.com
,CAMP-2020-02-000419,Holiday Bit Campaign,Flash Sale,Display,Google,email,BRA,South America,2020-02-24,2020-03-05,250096.76,146971.72,BRL,136774,2722,126,2020-02-24 02:40:43,brandi.carter038@dataops.example.com
,CAMP-2020-02-000420,Summer Father Campaign,Performance,Organic,Partner,affiliate,IND,Asia,2020-02-16,2020-03-13,136517.95,47562.63,INR,239869,9185,1009,2020-02-16 14:00:56,maria.ashley046@analytics.example.com
,CAMP-2020-02-000421,Holiday Unit Campaign,Flash Sale,Organic,Google,direct,JPN,Asia,2020-02-25,2020-03-27,88746.46,72876.72,JPY,85491,4921,854,2020-02-25 19:02:03,michael.berger060@platform.example.com
,CAMP-2020-02-000422,Holiday Sense Campaign,Brand,Display,CRM,direct,FRA,Europe,2020-02-22,2020-03-20,333901.08,181767.76,EUR,394860,18980,493,2020-02-22 11:10:44,stephen.clark001@analytics.example.com
,CAMP-2020-02-000423,Holiday Less Campaign,Seasonal,Affiliate,TikTok,affiliate,IND,Asia,2020-02-23,2020-03-20,107984.25,97294.37,INR,28399,1810,156,2020-02-23 06:08:24,michelle.sims041@analytics.example.com
,CAMP-2020-02-000424,Member Easy Campaign,Performance,Display,Meta,referral,FRA,Europe,2020-02-11,2020-03-05,358653.27,304044.6,EUR,32949,377,48,2020-02-11 02:39:44,michael.berger060@platform.example.com
,CAMP-2020-02-000425,Growth Own Campaign,Seasonal,Google Ads,Partner,referral,MEX,North America,2020-02-20,2020-03-04,337482.24,319519.86,MXN,758390,14604,1897,2020-02-20 23:56:01,patrick.gonzalez035@dataops.example.com
,CAMP-2020-02-000426,Holiday Put Campaign,Performance,Email,Partner,direct,SGP,Asia,2020-02-08,2020-03-02,199442.58,148294.91,SGD,105706,1127,139,2020-02-08 01:05:36,jennifer.hudson020@analytics.example.com
,CAMP-2020-02-000427,Winter Present Campaign,Launch,Email,Meta,email,GBR,Europe,2020-02-19,2020-03-13,179806.68,142289.03,GBP,270546,8494,1294,2020-02-19 03:12:43,andrea.cummings039@platform.example.com
,CAMP-2020-02-000428,Winter Travel Campaign,Seasonal,Google Ads,Google,affiliate,SGP,Asia,2020-02-02,2020-02-10,34423.63,26550.58,SGD,269601,17330,1659,2020-02-02 04:35:05,brandi.carter038@dataops.example.com
,CAMP-2020-02-000429,Growth Book Campaign,Retention,Display,CRM,referral,ESP,Europe,2020-02-23,2020-03-14,312020.0,103795.24,EUR,75557,2702,88,2020-02-23 14:42:34,peter.martinez098@platform.example.com
,CAMP-2020-02-000430,Summer Statement Campaign,Brand,Email,Google,referral,IND,Asia,2020-02-13,2020-02-24,262870.21,95236.69,INR,35149,1958,196,2020-02-13 22:11:38,kelsey.taylor010@platform.example.com
,CAMP-2020-02-000431,Summer Like Campaign,Seasonal,Organic,Google,cpc,NLD,Europe,2020-02-09,2020-03-15,4303.77,2956.32,EUR,194729,11171,1808,2020-02-09 04:19:50,stephen.daniels076@commerce.example.com
,CAMP-2020-02-000432,Growth So Campaign,Brand,Affiliate,Partner,affiliate,DEU,Europe,2020-02-03,2020-02-28,403029.13,381975.09,EUR,65836,954,45,2020-02-03 21:49:57,stephen.daniels076@commerce.example.com
,CAMP-2020-02-000433,Growth Mother Campaign,Seasonal,Organic,Google,email,AUS,Oceania,2020-02-23,2020-03-15,142895.78,72469.51,AUD,136049,7067,782,2020-02-23 09:08:03,joseph.johnson049@dataops.example.com
,CAMP-2020-02-000434,Winter Bed Campaign,Seasonal,Meta,Partner,organic,CAN,North America,2020-02-13,2020-03-10,315739.41,180682.73,CAD,549823,20543,2453,2020-02-13 18:26:49,taylor.cunningham023@commerce.example.com
,CAMP-2020-02-000435,Member Where Campaign,Seasonal,Affiliate,Meta,referral,JPN,Asia,2020-02-14,2020-02-18,287069.58,125171.23,JPY,35148,2531,86,2020-02-14 20:48:19,joseph.johnson049@dataops.example.com
,CAMP-2020-02-000436,Winter Have Campaign,Seasonal,Email,TikTok,referral,ARE,Asia,2020-02-13,2020-03-19,206732.16,106630.41,AED,38607,1741,63,2020-02-13 16:42:13,jennifer.bauer068@analytics.example.com
,CAMP-2020-02-000437,Summer Use Campaign,Seasonal,TikTok,Partner,referral,ARE,Asia,2020-02-27,2020-03-23,158410.0,87554.58,AED,94579,5773,766,2020-02-27 17:59:15,stephen.clark001@analytics.example.com
,CAMP-2020-02-000438,Summer Industry Campaign,Launch,Google Ads,Meta,email,SGP,Asia,2020-02-08,2020-03-12,297065.81,212458.85,SGD,112380,8226,1292,2020-02-08 02:18:54,jennifer.bauer068@analytics.example.com
,CAMP-2020-02-000439,Summer Five Campaign,Flash Sale,Google Ads,TikTok,referral,BRA,South America,2020-02-11,2020-03-02,168560.04,100875.09,BRL,118517,5360,884,2020-02-11 14:16:14,kelsey.taylor010@platform.example.com
,CAMP-2020-02-000440,Member Believe Campaign,Retention,Display,Partner,social,SGP,Asia,2020-02-21,2020-03-27,51367.21,37670.98,SGD,999965,66982,5602,2020-02-21 04:31:02,john.mullins109@commerce.example.com
,CAMP-2020-02-000441,Back-to-School Only Campaign,Launch,Affiliate,Google,affiliate,ITA,Europe,2020-02-18,2020-03-11,197843.73,101691.04,EUR,52899,2366,124,2020-02-18 22:56:13,ryan.steele043@commerce.example.com
,CAMP-2020-02-000442,Summer System Campaign,Retention,Display,Meta,affiliate,ESP,Europe,2020-02-10,2020-02-23,400205.72,241205.64,EUR,630971,12208,1776,2020-02-10 19:28:42,patrick.gonzalez035@dataops.example.com
,CAMP-2020-02-000443,Growth Bit Campaign,Brand,Email,Google,cpc,ARE,Asia,2020-02-23,2020-03-27,310480.9,158689.46,AED,123859,5710,231,2020-02-23 00:17:48,megan.cunningham013@commerce.example.com
,CAMP-2020-02-000444,Growth Usually Campaign,Seasonal,Affiliate,CRM,direct,BRA,South America,2020-02-10,2020-03-02,354000.27,313213.79,BRL,284518,5561,697,2020-02-10 22:01:40,jeffery.miller012@commerce.example.com
,CAMP-2020-02-000445,Member Cover Campaign,Flash Sale,Affiliate,Partner,organic,MEX,North America,2020-02-28,2020-03-17,437213.48,283967.93,MXN,439914,28373,952,2020-02-28 00:13:02,andrea.cummings039@platform.example.com
,CAMP-2020-02-000446,Summer Serious Campaign,Seasonal,Affiliate,TikTok,organic,USA,North America,2020-02-11,2020-02-23,188505.73,155632.81,USD,138203,9966,1668,2020-02-11 12:34:46,lance.williams029@platform.example.com
,CAMP-2020-02-000447,Growth Discussion Campaign,Retention,Affiliate,TikTok,affiliate,CAN,North America,2020-02-22,2020-03-28,339802.58,254835.76,CAD,18959,1004,47,2020-02-22 19:05:59,james.proctor094@dataops.example.com
,CAMP-2020-02-000448,Member Physical Campaign,Flash Sale,Meta,Google,referral,AUS,Oceania,2020-02-07,2020-02-17,139346.52,60476.12,AUD,109075,6708,1197,2020-02-07 03:37:55,ashley.marks069@commerce.example.com
,CAMP-2020-02-000449,Winter Memory Campaign,Seasonal,TikTok,Meta,referral,BRA,South America,2020-02-23,2020-03-29,40289.33,36827.66,BRL,406787,26935,2645,2020-02-23 20:54:02,adam.gordon030@commerce.example.com
,CAMP-2020-02-000450,Summer Part Campaign,Brand,Google Ads,Meta,organic,IND,Asia,2020-02-09,2020-02-27,69141.16,28800.09,INR,399531,15164,1034,2020-02-09 21:58:59,michael.johnson061@platform.example.com
,CAMP-2020-02-000451,Growth Whole Campaign,Launch,Display,Partner,direct,JPN,Asia,2020-02-19,2020-03-10,9368.19,6405.89,JPY,92745,4488,758,2020-02-19 05:59:31,eric.horton058@analytics.example.com
,CAMP-2020-02-000452,Holiday Admit Campaign,Seasonal,Google Ads,Meta,direct,AUS,Oceania,2020-02-03,2020-03-01,105598.23,57483.04,AUD,107474,5223,169,2020-02-03 18:49:55,michelle.sims041@analytics.example.com
,CAMP-2020-02-000453,Summer Participant Campaign,Brand,Organic,Partner,affiliate,MEX,North America,2020-02-07,2020-02-27,460580.18,254526.93,MXN,38388,2470,433,2020-02-07 16:15:34,victor.palmer071@platform.example.com
,CAMP-2020-02-000454,Winter Near Campaign,Brand,Meta,Google,referral,AUS,Oceania,2020-02-13,2020-03-09,189110.14,71343.17,AUD,63909,2379,426,2020-02-13 14:17:30,micheal.hall064@dataops.example.com
,CAMP-2020-02-000455,Holiday Ask Campaign,Launch,Email,Google,direct,DEU,Europe,2020-02-11,2020-03-06,206986.65,74681.5,EUR,783885,59376,3886,2020-02-11 12:28:57,andrea.cummings039@platform.example.com
,CAMP-2020-02-000456,Growth His Campaign,Performance,Meta,Partner,email,ESP,Europe,2020-02-19,2020-03-11,186804.74,77165.79,EUR,109378,6861,1052,2020-02-19 07:54:11,andrea.cummings039@platform.example.com
,CAMP-2020-02-000457,Summer Month Campaign,Launch,Meta,CRM,affiliate,CAN,North America,2020-02-04,2020-03-09,323767.43,150157.27,CAD,996272,41720,5807,2020-02-04 21:59:28,peter.martinez098@platform.example.com
,CAMP-2020-02-000458,Growth Serious Campaign,Seasonal,Google Ads,CRM,referral,ITA,Europe,2020-02-15,2020-03-02,226640.2,75187.52,EUR,286854,14275,775,2020-02-15 13:38:46,patrick.gonzalez035@dataops.example.com
,CAMP-2020-02-000459,Summer Writer Campaign,Performance,Email,Partner,cpc,ARE,Asia,2020-02-11,2020-03-07,281843.7,129895.25,AED,324217,21927,3187,2020-02-11 20:42:50,michael.berger060@platform.example.com
,CAMP-2020-02-000460,Back-to-School Wall Campaign,Launch,Organic,Meta,affiliate,ITA,Europe,2020-02-06,2020-02-15,5909.11,4747.28,EUR,22510,1649,289,2020-02-06 18:07:12,stephen.clark001@analytics.example.com
,CAMP-2020-02-000461,Back-to-School Third Campaign,Seasonal,Affiliate,CRM,email,IND,Asia,2020-02-04,2020-03-09,240497.3,180241.41,INR,56572,2360,288,2020-02-04 16:37:56,lance.williams029@platform.example.com
,CAMP-2020-02-000462,Winter Draw Campaign,Performance,Display,Partner,cpc,FRA,Europe,2020-02-14,2020-02-19,360806.24,241353.71,EUR,261105,11802,1214,2020-02-14 18:59:26,micheal.hall064@dataops.example.com
,CAMP-2020-02-000463,Member Detail Campaign,Launch,Email,TikTok,email,GBR,Europe,2020-02-18,2020-03-23,388321.17,259347.29,GBP,129575,4521,795,2020-02-18 09:52:41,micheal.hall064@dataops.example.com
,CAMP-2020-02-000464,Winter Me Campaign,Launch,Meta,TikTok,email,MEX,North America,2020-02-17,2020-03-03,331903.08,288962.45,MXN,138274,7203,277,2020-02-17 11:42:07,jeffery.miller012@commerce.example.com
,CAMP-2020-02-000465,Member Send Campaign,Launch,Organic,TikTok,referral,AUS,Oceania,2020-02-23,2020-03-06,235392.14,176406.97,AUD,88082,1245,66,2020-02-23 11:14:18,adam.gordon030@commerce.example.com
,CAMP-2020-02-000466,Growth Family Campaign,Launch,Email,Meta,direct,ARE,Asia,2020-02-19,2020-02-25,270859.85,185954.19,AED,77480,5054,445,2020-02-19 08:31:01,joseph.johnson049@dataops.example.com
,CAMP-2020-02-000467,Summer Cup Campaign,Seasonal,Google Ads,Meta,social,MEX,North America,2020-02-10,2020-03-03,145494.67,47782.41,MXN,90163,6924,1124,2020-02-10 10:40:37,andrea.cummings039@platform.example.com
